2773,000030 KS
2748,000060 KS
1637,000080 KS
2539,000100 KS
2402,000120 KS
1596,000140 KS
213,000150 KS
931,000210 KS
507,000240 KS
2780,000270 KS
2616,000370 KS
2345,000400 KS
1255,000640 KS
692,000660 KS
1559,000670 KS
763,000700 KS
347,000720 KS
942,000810 KS
672,000830 KS
1812,000880 KS
1682,000990 KS
1588,001040 KS
1558,001060 KS
1105,001120 KS
2592,001200 KS
44,001230 KS
791,001300 KS
1675,001430 KS
691,001440 KS
244,001450 KS
2468,001500 KS
331,001510 KS
2441,001520 KS
1992,001680 KS
1187,001740 KS
1586,001800 KS
928,002020 KS
604,002320 KS
1440,002350 KS
452,002380 KS
1619,002550 KS
2555,002620 KS
756,002790 KS
1564,002990 KS
1340,003230 KS
2439,003380 KS
991,003450 KS
407,003470 KS
2028,003480 KS
829,003490 KS
469,003520 KS
1965,003530 KS
2110,003540 KS
1658,003550 KS
1683,003600 KS
371,003670 KS
1902,003690 KS
2513,004000 KS
1822,004010 KS
1004,004020 KS
2134,004130 KS
1684,004150 KS
2732,004170 KS
116,004370 KS
2282,004430 KS
1554,004550 KS
2109,004710 KS
693,004800 KS
1957,004940 KS
93,004990 KS
1900,005180 KS
704,005270 KS
2414,005280 KS
2537,005290 KS
1500,005300 KS
1455,005380 KS
2019,005440 KS
74,005490 KS
2552,005810 KS
264,005830 KS
2292,005880 KS
1089,005930 KS
2456,005940 KS
654,005990 KS
2321,006120 KS
715,006260 KS
226,006280 KS
1170,006360 KS
1155,006380 KS
638,006400 KS
2167,006650 KS
1834,006800 KS
2673,006840 KS
2496,007070 KS
1107,007310 KS
229,007390 KS
1738,007460 KS
2165,007570 KS
1584,007860 KS
2702,008560 KS
863,008770 KS
2443,008930 KS
2297,009150 KS
1817,009240 KS
1194,009410 KS
87,009420 KS
13,009540 KS
1851,009830 KS
1857,010060 KS
360,010120 KS
2610,010130 KS
2582,010140 KS
132,010520 KS
2135,010620 KS
2129,010780 KS
2087,010950 KS
169,011070 KS
2713,011160 KS
250,011170 KS
1454,011200 KS
2388,011210 KS
1012,011780 KS
2716,011790 KS
2196,011810 KS
2611,012330 KS
1771,012450 KS
2140,012630 KS
1735,012750 KS
2243,014620 KS
2730,015750 KS
2153,015760 KS
397,015940 KS
789,016360 KS
2578,017670 KS
2632,017800 KS
1974,018000 KS
2570,018260 KS
2085,018670 KS
643,018880 KS
2788,020150 KS
1322,020560 KS
2267,020760 KS
2721,021240 KS
893,022100 KS
383,023410 KS
843,023530 KS
2600,024110 KS
424,025860 KS
681,025980 KS
2474,027410 KS
2502,028050 KS
709,028260 KS
906,028300 KS
1451,028670 KS
1049,029780 KS
2462,030000 KS
14,030200 KS
2293,030210 KS
364,030530 KS
2022,030610 KS
2070,031390 KS
1799,032350 KS
2574,032390 KS
2244,032640 KS
1036,032830 KS
88,033630 KS
2495,033780 KS
1748,034020 KS
1109,034120 KS
2434,034220 KS
2674,034230 KS
1953,034730 KS
356,035080 KS
633,035250 KS
1723,035420 KS
848,035720 KS
1409,035760 KS
245,036420 KS
1969,036460 KS
899,036490 KS
946,036570 KS
2389,036930 KS
0,037560 KS
2370,037620 KS
348,038540 KS
1149,039030 KS
467,039130 KS
1997,039490 KS
2598,041510 KS
1967,041830 KS
662,041960 KS
597,042100 KS
501,042660 KS
373,042670 KS
1821,044490 KS
79,044820 KS
1959,045820 KS
381,046890 KS
528,047040 KS
2557,047050 KS
2470,047810 KS
1876,048260 KS
1284,048530 KS
197,049690 KS
259,049950 KS
340,051370 KS
2473,051600 KS
341,051900 KS
1079,051910 KS
2612,052690 KS
2006,053000 KS
2034,053210 KS
214,053660 KS
1648,053800 KS
1922,054620 KS
887,055550 KS
279,056190 KS
666,057050 KS
971,058820 KS
2494,060000 KS
2634,060310 KS
1747,060720 KS
1687,060980 KS
2362,063080 KS
2529,064350 KS
880,064420 KS
2329,066270 KS
970,066570 KS
823,066970 KS
897,067080 KS
2234,067250 KS
2307,068270 KS
2227,068760 KS
136,068870 KS
2676,069080 KS
2718,069620 KS
308,069960 KS
2279,071050 KS
1260,071660 KS
661,071840 KS
1045,072870 KS
2042,073240 KS
2380,077360 KS
2777,077970 KS
617,078160 KS
1093,078340 KS
2400,078520 KS
419,078930 KS
1665,079160 KS
1888,079440 KS
996,079550 KS
936,080160 KS
2720,082270 KS
1018,083790 KS
2641,084110 KS
2457,084990 KS
1722,085660 KS
2540,086280 KS
2199,086520 KS
1324,086790 KS
1662,086900 KS
865,088350 KS
1047,090430 KS
1457,090460 KS
2609,091700 KS
1029,091990 KS
2241,093050 KS
1541,093370 KS
2761,095610 KS
545,095660 KS
1094,095700 KS
852,096530 KS
1707,096770 KS
2201,097230 KS
260,097950 KS
12,098460 KS
714,1 HK
886,10 HK
635,1004 HK
1092,101 HK
2198,102 HK
2290,102940 KS
1964,1030 HK
69,1031 HK
1599,103130 KS
1378,103140 KS
498,1033 HK
349,1038 HK
1474,1044 HK
1252,1051 HK
1195,1055 HK
2009,105560 KS
840,105630 KS
2543,1060 HK
1470,1065 HK
560,1066 HK
1246,1068 HK
1998,1070 HK
287,1071 HK
624,1072 HK
876,1076 HK
1511,1080 HK
1461,108070 KS
603,108230 KS
762,108320 KS
1434,1086 HK
475,108670 KS
1052,1088 HK
1441,1093 HK
1351,1099 HK
1476,11 HK
1042,1101 HK
2556,1101 TT
2581,1102 TT
1583,1109 HK
128,1112 HK
683,1113 HK
2190,1114 HK
2664,1117 HK
237,111770 KS
1827,112040 KS
2668,1128 HK
2265,1133 HK
1550,1138 HK
3,114090 KS
978,1143 HK
1001,1149 HK
2039,115390 KS
1405,115450 KS
2331,1157 HK
2510,1168 HK
1292,1169 HK
179,1171 HK
1544,1177 HK
1063,117930 KS
1768,1185 HK
686,1186 HK
2736,119 HK
1223,1193 HK
1139,1199 HK
722,12 HK
1228,1200 HK
2717,1201 TT
1593,120110 KS
961,1205 HK
1373,1208 HK
42,1211 HK
2512,1212 HK
591,1216 TT
765,1224 HK
1013,1227 TT
753,122870 KS
290,122900 KS
70,123 HK
2455,1234 HK
2239,123420 KS
935,1249772D HK
31,127 HK
1535,1288 HK
2063,128940 KS
2689,1293 HK
1753,1299 HK
52,13 HK
2308,1301 TT
2774,1303 TT
2095,1304 TT
2422,1305 TT
927,1308 TT
1212,130960 KS
1211,1311365D HK
1891,1312 TT
1632,1313 HK
1156,1313 TT
1090,1314 TT
1926,1316 HK
1999,1317 HK
1069,1319 TT
121,1326 TT
50,1332 JP
293,1333 HK
236,1333 JP
118,1336 HK
140,1337 TT
2223,1338 HK
2524,1339 HK
2769,1347 HK
997,1347063D HK
1024,135 HK
1846,1357 HK
1497,1359 HK
439,136 HK
589,1363 HK
1514,1371 HK
125,1375 HK
1066,1377 JP
837,1378 HK
2647,1381 HK
2075,1387 HK
1829,138930 KS
1120,139130 KS
1756,1393 HK
2734,139480 KS
1393,1398 HK
1346,14 HK
1130,1402 TT
994,1409 TT
102,1414 JP
431,1417 JP
2145,1419 TT
1290,142 HK
2460,1429071D HK
2737,1431 HK
295,1435 JP
92,1438 HK
2562,144 HK
533,1440 TT
631,1448 HK
965,145020 KS
2310,1462 HK
1215,1469 HK
2466,1476 TT
1167,1477 TT
1545,1478 HK
1082,148 HK
1033,1504 TT
2648,151 HK
757,1515 HK
1758,151910 KS
1128,152 HK
2146,1528 HK
903,1530 HK
1333,1536 TT
1300,1555 HK
2733,1558 HK
720,1565 TT
2041,1567411D HK
751,1569956D HK
737,1589 TT
2392,1590 TT
918,16 HK
1359,1605 JP
1265,1605 TT
309,1606 JP
2131,1612890D HK
493,161390 KS
78,1618 HK
1104,161890 KS
1966,1623 HK
2515,1628 HK
881,1631059D HK
435,1631080D AU
2652,1638 HK
173,165 HK
1088,1658 HK
2498,1662 JP
820,1668 HK
1153,168 HK
398,1680 HK
28,1681 HK
1809,168330 KS
2723,1688 HK
1798,1697 HK
1397,17 HK
41,1704 TT
2735,1707 TT
1690,171 HK
1673,1710 TT
278,1718 TT
2615,1719 JP
2286,1720 JP
372,1721 JP
2151,1722 TT
539,1728 HK
2130,1733 HK
2302,175 HK
922,1766 HK
141,1766 JP
385,1768 HK
504,177 HK
1125,1776 HK
2005,1777 HK
750,178 HK
5,1786 HK
2584,1788 HK
1355,1789 TT
1502,178920 KS
1755,179 HK
2014,1795 TT
2275,1798 HK
473,1800 HK
444,1801 JP
1008,1802 JP
1783,1802 TT
2383,1803 JP
2686,180640 KS
889,1808 JP
177,1812 JP
2182,1813 HK
195,1815 JP
1858,1816 HK
446,181710 KS
2029,1818 HK
221,182 HK
2390,1820 JP
859,1821 JP
2251,1824 JP
2608,1828 HK
2688,1829 HK
9,185750 KS
2625,1860 JP
1681,1861 JP
1556,1878 JP
1307,1880 HK
1810,1881 JP
2775,1883 JP
72,1886 HK
1517,1888 HK
329,189 HK
2341,1893 HK
2399,1893 JP
680,1898 HK
2157,19 HK
2210,1909 TT
1478,1910 HK
2711,1911 JP
1962,1913 HK
1645,1918 HK
1516,1919 HK
883,192080 KS
2296,1924 JP
1488,192400 KS
2003,1925 JP
1533,1928 HK
1987,1928 JP
343,192820 KS
1422,1929 HK
447,1942 JP
1548,1944 JP
1918,1951 JP
20,1958 HK
1191,1959 JP
1815,196 HK
1565,1963 JP
2725,197 HK
110,1972 HK
960,1979 JP
258,198 HK
1555,1983 JP
1176,1988 HK
2507,1997 HK
1184,1999 HK
1221,2 HK
1122,20 HK
2506,200 HK
1816,2002 JP
2213,2002 TT
708,200230 KS
1159,2006 TT
465,2007 HK
587,2009 HK
947,2012 HK
2217,2014 TT
2060,2018 HK
1531,202 HK
365,2020 HK
1705,2038 HK
1657,204320 KS
1680,2049 TT
2463,2059 TT
788,2066 HK
2665,207940 KS
519,2098 HK
11,2101 TT
2708,2103 TT
2575,2105 TT
2044,2107 TT
1731,2120 JP
1472,2121 JP
1791,2126 JP
1460,2127 JP
1752,2128 HK
2509,2131 JP
1788,213420 KS
700,2138 JP
1844,214370 KS
1270,214450 KS
2115,2146 JP
674,215 HK
1413,215600 KS
1264,2157 JP
350,2160 JP
2142,2168 JP
1400,2170 JP
316,2175 JP
297,218 HK
2250,2181 JP
1344,2186 HK
1479,2193 JP
1348,2196 HK
2235,2199 HK
1411,220 HK
1946,2201 JP
2248,2201 TT
388,2202 HK
894,2202 JP
618,2204 TT
208,2206 JP
1825,2206 TT
625,2208 HK
1071,2211 HK
1988,2212 JP
1399,2222 HK
525,2222 JP
1933,2229 JP
907,2233 HK
596,2236 HK
1699,2238 HK
215,2261 JP
1000,226320 KS
744,2264 JP
2416,2267 JP
551,2269 HK
2328,2269 JP
1540,2270 JP
688,2281 JP
1605,2282 HK
2714,2282 JP
888,23 HK
543,230 HK
432,2301 TT
627,2303 TT
1132,2308 TT
1644,2311 TT
2270,2312 TT
1666,2313 HK
1615,2313 TT
706,2314 HK
1145,2315 TT
194,2317 TT
2554,2318 HK
1328,2319 HK
2262,232 HK
819,2324 TT
1568,2325 TT
968,2327 TT
1628,2328 HK
2633,2328 TT
281,2330 TT
2149,2331 HK
55,2331 JP
1040,2332 HK
1930,2332 TT
559,2333 HK
449,2337 JP
956,2337 TT
2580,2338 HK
1053,2342 HK
17,2343 HK
1513,2344 TT
73,2345 TT
2194,2347 TT
2295,2349 TT
1860,2352 TT
1142,2353 TT
831,2354 TT
433,2356 TT
1207,2357 HK
147,2357 TT
1870,2360 TT
1031,2362 JP
1700,2369 HK
515,2371 JP
1970,2371 TT
1636,2374 TT
1196,2376 TT
1044,2377 TT
386,2379 JP
2004,2379 TT
122,2380 HK
1641,2382 HK
950,2382 TT
599,2383 TT
321,2384 TT
2739,2385 TT
963,2386 HK
1229,2388 HK
1368,2388 TT
2579,2392 TT
2174,2393 TT
2079,2395 TT
1991,2398 JP
164,2400 JP
590,2408 TT
86,240810 KS
205,2409 TT
811,2412 TT
2762,2413 JP
1524,241560 KS
1233,242 HK
1245,2427 JP
1439,243070 KS
1431,2432 JP
2771,2433 JP
167,2439 TT
1444,2440 JP
1070,2448 TT
2671,2449 TT
1557,245 HK
207,2450 JP
58,2450 TT
434,2454 TT
718,2455 TT
521,2456 TT
2316,2458 TT
1076,246 HK
2166,2461 JP
1453,2468 HK
937,2474 TT
1356,2485 TT
1459,2489 JP
2114,2489 TT
497,2492 TT
326,2497 JP
2469,2498 TT
2488,2499 TT
232,2501 JP
377,2501 TT
2776,2502 JP
461,2503 JP
2782,2504 TT
537,2511 TT
1607,251270 KS
300,2514 TT
2089,2515 TT
616,2520 TT
1845,2531 JP
2126,253450 KS
1651,2542 TT
2094,2545 TT
187,2547 TT
890,256 HK
2629,257 HK
191,2579 JP
1201,2580 JP
1761,2587 JP
352,2593 JP
1432,2600 HK
2195,2601 HK
1612,2603 TT
1275,2606 TT
1032,2607 HK
2,2607 JP
697,2607 TT
2666,2609 TT
80,2610 TT
159,2611 HK
1787,2615 TT
1285,2618 HK
325,2618 TT
1267,2626 HK
2406,2628 HK
1318,2634 TT
636,263750 KS
1152,2651 JP
546,2666 HK
1081,267 HK
453,2670 JP
2650,267250 KS
2203,267270 KS
2168,2678 JP
425,268 HK
1837,2681 JP
1935,2685 JP
2638,2688 HK
165,2689 HK
1589,269 HK
252,2695 JP
157,27 HK
1118,270 HK
1654,2702 JP
1495,2704 TT
63,2707 TT
1523,271560 KS
357,272 HK
795,2722 HK
2497,272290 KS
731,2723 TT
1960,272450 KS
1034,2727 HK
2677,273 HK
1048,2730 JP
1023,276 HK
600,2768 HK
155,2768 JP
764,2777 HK
540,2779 JP
115,2782 JP
1103,2784 JP
2358,2799 HK
1608,2801 JP
1423,2801 TT
867,2802 JP
2294,2809 JP
1014,2809 TT
2790,2810 JP
1074,2811 JP
1754,2812 TT
657,2815 JP
2485,2823 TT
668,282330 KS
1515,283 HK
1972,2834 TT
2420,2845 TT
2726,285 HK
766,2854 TT
749,2856 TT
2222,2858 HK
1778,2866 HK
2550,2871 JP
2278,2873 JP
284,2875 JP
174,2877 HK
983,288 HK
2289,2880 TT
1410,2881 TT
441,2882 TT
2738,2883 HK
2015,2883 TT
716,2884 TT
1836,2885 TT
1078,2886 TT
1334,2887 TT
2277,2888 TT
1780,2889 TT
2449,2890 TT
874,2891 TT
1786,2892 TT
2764,2897 JP
541,2899 HK
369,2903 TT
732,291 HK
1790,2912 TT
1192,2913 TT
868,2914 JP
463,2915 TT
1097,2928 JP
2127,293 HK
62,2930 JP
67,2931 JP
1383,2952 HK
2339,297 HK
481,3 HK
209,3002 JP
1952,3003 JP
1424,3008 TT
2472,3019 TT
1316,302 HK
993,3026 TT
1549,303 HK
2590,3034 TT
1710,3035 TT
1650,3037 TT
900,3038 JP
2446,3044 TT
1739,3045 TT
2240,3046 JP
1765,3048 JP
2569,3049 TT
1406,3050 JP
2040,3053 JP
2520,3060 TT
954,3061 TT
2683,3064 JP
1877,3076 JP
1824,308 HK
679,3081 TT
2230,3083 TT
192,3086 JP
1151,3088 JP
982,3092 JP
959,3097 JP
2382,3099 JP
2412,3101 JP
1202,3105 JP
1313,3105 TT
1506,3107 JP
470,3110 JP
247,3116 JP
65,3141 JP
1341,3149 TT
1631,315 HK
1022,316 HK
1629,317 HK
2355,3176 TT
1475,3189 TT
2630,3197 JP
2471,321 HK
1067,3211 TT
1005,322 HK
2669,3227 TT
727,323 HK
779,3231 JP
786,3231 TT
430,3260 TT
2770,3264 TT
2170,3268 JP
2050,327 HK
1100,3288 JP
581,3289 JP
1581,3291 JP
1800,330 HK
828,3308 HK
531,3311 HK
2599,3315 HK
2505,3315 JP
1676,3320 HK
1481,3323 HK
1046,3326 HK
2561,3328 HK
558,3331 HK
1875,3332 JP
2704,3333 HK
2436,3337 HK
952,3337 JP
2700,3339 HK
1702,3349 JP
2076,336 HK
998,3360 JP
2503,3368 HK
2690,3369 HK
464,3374 TT
1720,3376 TT
1050,3377 HK
394,338 HK
1948,3380 HK
163,3382 JP
955,3383 HK
107,3389 HK
1883,3391 JP
1309,3396 HK
1102,3397 JP
2459,3398 JP
702,34 HK
2385,3401 JP
265,3402 JP
2077,3404 JP
856,3405 JP
845,3406 TT
1677,3407 JP
1995,3413 TT
920,3415 JP
721,3436 JP
76,3443 TT
427,3445 JP
966,3450 TT
272,346 HK
611,347 HK
2374,3474 TT
1388,3481 TT
274,3504 TT
2528,3514 TT
7,3519 TT
773,3529 TT
782,3532 TT
508,3533 TT
530,3534 TT
2696,354 HK
948,3543 JP
2181,3549 JP
536,3552 TT
1319,3563 JP
1626,3573 TT
1442,3576 TT
1075,358 HK
489,3591 JP
1806,3591 TT
1956,3600 HK
1209,3606 HK
455,3618 HK
1468,3622 TT
2347,3626 JP
1733,363 HK
2661,3632 JP
227,365 HK
815,3656 JP
923,3658 TT
847,3659 JP
2224,3660 JP
585,3662 JP
241,3665 TT
1106,3668 JP
1865,3669 HK
2156,3673 TT
524,3679 JP
637,368 HK
1486,3691 TT
1855,3692 JP
413,3697 TT
1955,3698 HK
1280,3698 TT
2407,3702 TT
1667,3704 TT
2287,3706 TT
717,371 HK
2672,3711 TT
171,3715 JP
2530,3765 JP
1015,3769 JP
2709,3774 JP
1911,3789 JP
677,3799 HK
148,38 HK
771,3800 HK
2486,3808 HK
235,3818 HK
1403,3823 HK
216,3833 HK
1310,3836 HK
812,384 HK
1204,386 HK
1077,3861 JP
454,3863 JP
678,3865 JP
2433,388 HK
393,3883 HK
2150,3888 HK
1772,3893 JP
2707,3898 HK
1868,390 HK
106,3900 HK
404,3903 JP
925,3908 HK
2208,3918 HK
1982,392 HK
930,3932 JP
1335,3933 HK
180,3938 JP
2024,3941 JP
796,3968 HK
1893,3978 JP
2200,3983 HK
1129,3988 HK
1503,3993 HK
532,3993 JP
2453,3996 HK
712,3998 HK
1121,4 HK
2252,4004 JP
2659,4005 JP
1239,4008 JP
726,4021 JP
344,4023 JP
2793,4028 JP
1111,4041 JP
1172,4042 JP
399,4043 JP
1490,4044 JP
2679,4047 JP
1181,4061 JP
2300,4062 JP
2763,4063 JP
2566,4088 JP
1430,4091 JP
1603,41 HK
2745,410 HK
2096,4100 JP
1647,4105 TT
1243,4114 JP
1487,4118 JP
934,4123 TT
1984,4137 TT
40,4147 TT
2565,4151 JP
1850,4157 TT
759,416 HK
2100,4162 TT
814,4174 TT
2401,4180 TT
2068,4182 JP
610,4183 JP
1020,4185 JP
1688,4186 JP
2268,4188 JP
2367,4189 JP
1749,419 HK
1376,4202 JP
2442,4203 JP
2231,4204 JP
1080,4205 JP
2052,4206 JP
206,4208 JP
1025,4217 JP
1899,425 HK
2258,4272 JP
1286,4293 JP
554,4307 JP
921,4314 JP
1480,4321 JP
651,4324 JP
142,434 HK
1367,439 HK
1447,44 HK
2303,4403 JP
81,4452 JP
999,449 HK
104,4502 JP
1864,4503 JP
1175,4506 JP
2212,4507 JP
866,4508 JP
374,4516 JP
2741,4518 JP
768,4519 JP
1072,4521 JP
2175,4523 JP
2236,4527 JP
1736,4528 JP
2751,4530 JP
1055,4535 JP
794,4536 JP
1840,4540 JP
1428,4541 JP
472,4543 JP
1522,4544 JP
572,4548 JP
2257,4552 JP
2219,4553 JP
2532,4555 JP
375,4564 JP
2138,4565 JP
1620,4568 JP
1446,4569 JP
75,4571 JP
152,4578 JP
1839,4581 JP
1852,4587 JP
2410,4592 JP
2477,4593 JP
2744,460 HK
2643,4612 JP
1694,4613 JP
1091,4617 JP
652,4631 JP
2253,4661 JP
176,4666 JP
1296,4676 JP
29,468 HK
730,4680 JP
2254,4681 JP
2021,4684 JP
1793,4686 JP
459,4689 JP
291,4704 JP
144,4716 JP
1306,4732 JP
2335,4739 JP
2106,4751 JP
1325,4755 JP
938,4756 JP
1291,4757 JP
34,4768 JP
53,4813 JP
496,4817 JP
1380,4819 JP
1429,484 HK
2440,4842 JP
417,4849 JP
2622,486 HK
2144,488 HK
2107,489 HK
1448,4901 JP
872,4902 JP
411,4904 TT
61,4911 JP
1734,4912 JP
59,4915 TT
51,4921 JP
2438,4922 JP
665,4924 JP
1086,4927 JP
2038,493 HK
833,4938 TT
1234,494 HK
2311,4943 TT
2033,4958 TT
1366,4960 TT
83,4966 TT
1498,4967 JP
1646,4974 JP
1062,4978 JP
6,4980 JP
594,4997 JP
2631,5001 JP
825,5002 JP
2535,5007 JP
1601,5012 JP
1724,5016 JP
775,5017 JP
82,5019 JP
1624,5020 JP
2221,5021 JP
2002,5101 JP
1136,5105 JP
303,5108 JP
2026,511 HK
1464,5110 JP
1266,5122 JP
2765,5196 JP
251,5201 JP
1616,5202 JP
787,5214 JP
1785,5218 JP
2419,522 HK
1820,5232 JP
2314,5233 JP
1813,525 HK
1521,5264 TT
1528,5269 TT
1002,53 HK
793,530 HK
422,5301 JP
1866,5302 JP
593,5310 JP
1842,5332 JP
299,5333 JP
246,5334 JP
1580,5344 JP
1360,5347 TT
1590,5371 TT
698,5384 JP
1993,5388 TT
658,5393 JP
1635,54 HK
1466,5401 JP
2242,5405 JP
1623,5406 JP
2312,5407 JP
1362,5411 JP
1944,5413 JP
2036,5423 JP
1371,5425 TT
2214,5444 JP
1085,546 HK
2756,5463 JP
2045,5471 JP
1321,5479 JP
1668,5480 JP
2169,5481 JP
861,5482 JP
2025,5483 TT
2432,5486 JP
89,551 HK
266,552 HK
77,5530 TT
1942,5531 TT
1906,5534 TT
1706,5541 JP
2062,555 HK
649,5563 JP
2249,563 HK
1164,5631 JP
2159,566 HK
739,5701 JP
1158,5703 JP
109,5706 JP
1936,5707 JP
1390,5711 JP
2687,5713 JP
1117,5714 JP
2064,5726 JP
2189,5727 JP
844,5741 JP
990,576 HK
2158,579 HK
1147,5801 JP
1943,5802 JP
2516,5803 JP
1143,5809 JP
1652,581 HK
1501,5812 JP
1996,5820 TT
1879,5851 JP
1126,5854 TT
901,5855 JP
405,5857 JP
1801,586 HK
772,587 HK
1741,5871 TT
743,590 HK
1679,5901 JP
1112,5911 JP
1841,5912 JP
1642,5929 JP
2423,5938 JP
1385,5947 JP
1689,5949 JP
217,5977 JP
1219,598 HK
1775,5991 JP
1701,6 HK
909,6005 JP
2417,6005 TT
71,6008 TT
655,6028 JP
841,6030 HK
2261,604 HK
780,6047 JP
1140,6054 JP
2445,606 HK
1210,6060 HK
1382,6066 HK
800,607 HK
1853,6079 JP
85,6080 JP
595,6088 HK
2206,6098 JP
2010,6101 JP
1950,6103 JP
1345,6104 JP
2415,6113 JP
2123,6116 TT
584,6120 TT
582,6121 TT
2572,6134 JP
154,6135 JP
203,6136 JP
1711,6140 JP
1600,6141 JP
460,6143 JP
1594,6145 JP
567,6146 JP
1332,6147 TT
1220,6176 TT
784,6178 JP
1160,6182 TT
2393,6183 JP
2211,6197 JP
1494,6199 HK
953,6201 JP
2621,6214 TT
1924,6222 JP
103,6235 JP
1915,6239 TT
770,6240 JP
2301,6244 TT
105,6256 JP
1973,6258 JP
270,6268 JP
2371,6269 JP
1443,6269 TT
1329,6271 TT
2427,6273 JP
774,6274 TT
396,6285 TT
2309,6286 TT
2272,6301 JP
1154,6302 JP
35,6305 JP
1947,631 HK
602,6310 JP
355,6324 JP
1,6326 JP
549,6330 JP
2559,6349 JP
466,636 HK
462,6361 JP
1295,6366 JP
204,6367 JP
2778,6368 JP
1569,6370 JP
271,6371 JP
1708,6376 JP
2032,6379 JP
123,6383 JP
2448,639 HK
2653,6395 JP
2508,63MOONS IN
1674,6407 JP
112,6412 JP
1526,6414 TT
1808,6417 JP
761,6418 JP
2344,6425 JP
275,6432 JP
1830,6436 JP
2320,6440 JP
484,6446 TT
2781,6448 JP
1068,6452 TT
426,6456 TT
423,6457 JP
703,6460 JP
2183,6462 TT
2055,6463 JP
1137,6464 JP
1854,6465 JP
2522,6471 JP
1968,6472 JP
315,6473 JP
1907,6474 JP
2232,6479 JP
183,6481 JP
1538,6486 JP
2313,6488 TT
2531,6498 JP
1804,6501 JP
415,6502 JP
2571,6503 JP
2229,6504 JP
139,6505 TT
1180,6506 JP
440,6507 JP
2729,6508 JP
2105,6510 TT
2783,653 HK
2117,656 HK
512,658 HK
518,6581 JP
1038,6586 JP
294,6588 JP
1336,659 HK
2544,6592 JP
1919,6594 JP
1649,66 HK
569,6605 TT
523,6619 JP
1781,6621 JP
916,6622 JP
1848,6630 JP
2411,6632 JP
1934,6640 JP
586,6641 JP
2430,6645 JP
2464,665 HK
2602,6652 JP
1760,6665 JP
491,6674 JP
56,669 HK
2727,67 HK
2306,670 HK
851,6701 JP
1205,6702 JP
243,6703 JP
256,6707 JP
146,672 HK
2526,6723 JP
2695,6724 JP
190,6727 JP
1861,6728 JP
2099,6740 JP
857,6752 JP
670,6753 JP
99,6754 JP
615,6755 JP
898,6756 JP
1398,6758 JP
2620,6762 JP
1828,6764 JP
1141,6767 JP
919,6768 JP
2452,6770 JP
2319,6773 JP
314,6779 JP
219,6787 JP
1640,6788 JP
1133,6794 JP
2354,6796 JP
1874,6798 JP
1691,6804 JP
138,6806 JP
161,6807 JP
2173,6808 HK
1198,6810 JP
1896,6816 JP
1937,6818 HK
1622,682 HK
513,683 HK
2023,6837 HK
1504,6839 JP
420,6841 JP
143,6845 JP
2098,6849 JP
924,6856 JP
1520,6857 JP
2491,686 HK
1235,6861 JP
366,6863 HK
781,6869 HK
1436,6869 JP
1990,6871 JP
410,6875 JP
345,688 HK
1983,6881 HK
1415,6886 HK
1757,6889 HK
368,6890 JP
49,69 HK
1575,6902 JP
1249,6908 JP
619,691 HK
1374,6920 JP
2499,6923 JP
285,6925 JP
1303,6934 JP
1784,6935 JP
2514,694 HK
1587,6952 JP
2349,6954 JP
318,6958 JP
2691,696 HK
253,6961 JP
1095,6963 JP
218,6965 JP
1882,6966 JP
2478,6967 JP
1144,697 HK
2325,6971 JP
392,6976 JP
904,698 HK
18,6981 JP
126,6988 JP
1796,699 HK
2136,6991 JP
1254,6995 JP
1006,6996 JP
332,6997 JP
822,700 HK
660,7003 JP
550,7004 JP
2263,7007 JP
1491,7011 JP
2542,7012 JP
2479,7013 JP
2492,7014 JP
821,708 HK
280,7122 JP
1452,7148 JP
403,715 HK
1887,7161 JP
511,7164 JP
2521,7167 JP
2030,7172 JP
1895,7180 JP
26,7181 JP
2626,7182 JP
1975,7186 JP
402,7189 JP
1110,7201 JP
783,7202 JP
2080,7203 JP
2518,7205 JP
311,7211 JP
1849,7222 JP
254,7224 JP
1297,7230 JP
418,7238 JP
1365,7239 JP
414,724 HK
456,7240 JP
1625,7241 JP
1064,7242 JP
16,7246 JP
912,7248 JP
873,7251 JP
1123,7259 JP
1838,7261 JP
517,7262 JP
1037,7267 JP
2058,7269 JP
2172,7270 JP
198,7272 JP
2101,7274 JP
1795,7276 JP
2603,7278 JP
2731,728 HK
2675,7280 JP
2369,7282 JP
1435,729 HK
1277,7296 JP
2792,7309 JP
1894,7312 JP
1162,7313 JP
2216,732 HK
1084,7453 JP
2740,7458 JP
1639,7459 JP
799,750 HK
719,751 HK
2573,7517 JP
2352,7518 JP
1056,7522 JP
2483,753 HK
926,7532 JP
2645,754 HK
1695,7545 JP
529,7550 JP
1914,7575 JP
2450,7581 JP
2604,7599 JP
2701,7606 JP
1871,7616 JP
24,762 HK
21,763 HK
2640,7649 JP
747,769 HK
642,7701 JP
2594,7717 JP
1387,7718 JP
1021,772 HK
1227,7729 JP
225,773 HK
640,7731 JP
2591,7732 JP
1618,7733 JP
882,7735 JP
1776,7740 JP
805,7741 JP
659,7744 JP
2051,7747 JP
1712,7751 JP
1352,7752 JP
1925,7757 JP
2273,7762 JP
1208,777 HK
1183,7774 JP
1740,7777 JP
1054,7779 JP
2178,7832 JP
2706,7844 JP
1903,7860 JP
2588,7867 JP
359,7911 JP
1951,7912 JP
1881,7915 JP
2356,7936 JP
992,7951 JP
1011,7956 JP
94,7965 JP
2444,7966 JP
1745,7974 JP
302,7988 JP
2191,799 HK
2635,7994 JP
2387,8 HK
675,8001 JP
2037,8002 JP
334,8008 TT
1206,8011 JP
30,8015 JP
2431,8016 JP
949,8020 JP
1148,8028 JP
1552,8031 JP
2209,8032 HK
151,8035 JP
1835,8036 JP
1456,8044 TT
1716,8046 TT
2057,8050 JP
1719,8053 JP
790,8056 JP
1696,8058 JP
2338,806 HK
2119,8060 JP
1856,8069 TT
1450,8076 TT
1288,8078 JP
1777,8078 TT
2256,8086 JP
2409,8088 JP
2137,8113 JP
1314,8129 JP
2247,813 HK
389,8136 JP
133,8150 TT
1231,816 HK
2360,817 HK
196,8174 JP
974,8179 JP
1261,818 HK
336,8184 JP
1384,819 HK
1714,8198 HK
273,82 HK
2185,8202 JP
1577,8207 HK
869,8219 JP
2102,8227 JP
255,8233 JP
850,8238 JP
1867,8242 JP
2366,825 HK
2016,8252 JP
2018,8253 JP
2078,8258 JP
2054,8263 JP
2332,8267 JP
1331,8270 JP
312,8273 JP
263,8281 JP
2791,8282 JP
119,8283 JP
1566,829 HK
1350,8299 TT
891,83 HK
1994,8303 JP
1886,8304 JP
2757,8306 JP
2357,8308 JP
2490,8309 JP
2071,8316 JP
1597,8327 JP
1396,8328 JP
479,8331 JP
483,8332 JP
526,8333 JP
1578,8334 JP
1098,8339 JP
2595,8341 JP
2193,8354 JP
2722,8355 JP
826,8358 JP
2228,8359 JP
2651,836 HK
2180,8363 JP
1873,8369 JP
2061,8377 JP
902,8379 JP
1609,8382 JP
60,8384 JP
231,8385 JP
622,839 HK
875,8403 JP
2538,8404 JP
2035,8406 TT
1908,8410 JP
748,8411 JP
1163,8418 JP
2177,8425 JP
1465,8436 TT
527,8439 JP
354,845 HK
752,8454 TT
117,8464 TT
1519,8473 JP
1621,848 HK
1770,8508 JP
2364,8511 JP
1401,8515 JP
2305,8524 JP
2326,855 HK
1989,8564 JP
1653,857 HK
2365,8570 JP
2260,8572 JP
1889,8574 JP
1660,8583 JP
248,8584 JP
2618,8585 JP
471,8586 JP
178,8589 JP
2139,8591 JP
2163,8593 JP
1057,8595 JP
351,8597 JP
1579,8601 JP
2605,8603 JP
1826,8604 JP
1986,8606 JP
233,8609 JP
2113,861 HK
735,8616 JP
1305,8624 JP
628,8628 JP
1213,8630 JP
1065,867 HK
2759,868 HK
1041,8697 JP
1901,8698 JP
1703,87 HK
1030,8701 JP
1363,8703 JP
2698,8706 JP
1281,8714 JP
2363,8725 JP
1920,8729 JP
1570,874 HK
98,8750 JP
2359,8754 JP
1166,8755 JP
2637,8759 JP
1726,8766 JP
574,8795 JP
565,880 HK
1407,8801 JP
2081,8802 JP
1247,8803 JP
547,8804 JP
669,881 HK
1818,8815 JP
1272,883 HK
1905,8830 JP
289,884 HK
2274,8840 JP
612,8848 JP
1672,886 HK
634,8868 JP
450,8870 JP
2132,8871 JP
2772,8874 JP
579,8876 JP
1725,8895 JP
1751,8902 JP
8,8905 JP
979,8919 JP
1534,8925 JP
1976,8933 JP
2429,8934 JP
915,900050 KS
736,9001 JP
1940,900150 KS
561,9003 JP
2056,9005 JP
2593,9006 JP
2091,9007 JP
578,9008 JP
1342,9009 JP
2218,902 HK
1737,9020 JP
2589,9021 JP
1717,9022 JP
1510,9024 JP
477,9041 JP
324,9042 JP
2255,9044 JP
1562,9045 JP
2008,9048 JP
2391,906 HK
878,9062 JP
2753,9064 JP
1226,9065 JP
66,9076 JP
855,9086 JP
1087,910 HK
535,9101 JP
984,9104 JP
333,9107 JP
448,911 HK
480,9110 JP
801,9119 JP
778,9132 JP
158,914 HK
1961,9142 JP
630,9143 JP
626,916 HK
834,9201 JP
1274,9202 JP
1317,9204 JP
2027,9205 JP
2795,921 HK
2120,928 HK
2712,930 HK
220,9301 JP
1585,931 HK
538,934 HK
2000,9364 JP
1258,939 HK
939,9401 JP
1862,9404 JP
1863,9409 JP
2568,941 HK
988,9412 JP
2361,9424 JP
1767,9427 JP
2116,9432 JP
1386,9433 JP
2667,9435 JP
1727,9437 JP
1421,9449 JP
379,946 HK
1769,9468 JP
2662,9474 JP
1493,9477 JP
134,9501 JP
1477,9502 JP
1807,9503 JP
1489,9504 JP
2749,9505 JP
754,9506 JP
1114,9507 JP
135,9508 JP
2133,9509 JP
1096,9513 JP
400,9531 JP
2656,9532 JP
2072,9533 JP
1009,9551 JP
1338,958 HK
1904,960 HK
1161,9602 JP
1766,9603 JP
338,9613 JP
986,9616 JP
1833,9627 JP
2766,966 HK
839,967 HK
2394,9672 JP
327,9678 JP
487,968 HK
1529,9681 JP
358,9684 JP
2315,9697 JP
37,9706 JP
656,9715 JP
457,9719 JP
22,973 HK
1505,9735 JP
818,9737 JP
442,9743 JP
1138,9744 JP
387,9747 JP
268,9751 JP
690,9766 JP
2447,9783 JP
1188,9793 JP
733,981 HK
145,9830 JP
1693,9831 JP
985,9843 JP
1664,985 HK
943,9861 JP
1927,9904 TT
2259,991 HK
1019,9910 TT
940,9914 TT
741,992 HK
1913,9936 JP
1326,9938 TT
2353,9939 TT
2205,9945 TT
1273,9956 JP
495,9962 JP
505,998 HK
2125,9983 JP
1253,9984 JP
583,9987 JP
1543,9989 JP
2760,999 HK
2458,A2ZL IN
1437,AAGB MK
933,AAV TB
641,ABAN IN
1417,ABB IN
395,ABC AU
2636,ABNL IN
2754,ABS AU
390,ACC IN
1298,ACEM IN
342,ACX AU
2558,ADANI IN
2586,ADANIT IN
2323,ADE IN
200,ADHI IJ
330,ADRO IJ
1197,ADSEZ IN
1669,ADVANC TB
181,AED AU
2317,AEJ AU
436,AGL AU
2299,AGL SP
571,AGO AU
1912,AIA NZ
2013,AIO AU
664,AIRA MK
556,AJP IN
1909,AKRA IJ
884,AL IN
2342,ALBK IN
502,ALKEM IN
1427,ALL AU
2343,ALQ AU
1823,ALU AU
2794,AMATA TB
1611,AMC AU
2685,AMM MK
2703,AMP AU
1750,AMRJ IN
2680,AMTK IN
1892,AND AU
1185,ANDB IN
1458,ANN AU
1279,ANTM IJ
185,ANZ AU
382,AOE AU
361,AOT TB
2155,APHS IN
2710,APIL IN
1932,APNT IN
211,APO AU
1061,APTY IN
2225,AQA AU
987,AQP AU
809,ARBP IN
1237,AREAL IN
193,ARI AU
995,ARVND IN
2597,ASII IJ
2681,ASRI IJ
639,AST AU
1262,ASTRO MK
614,ASX AU
792,ATM NZ
162,AURFI IN
1391,AUT AU
506,AWB AU
2186,AWC AU
2564,AWE AU
776,AXA AU
2384,AXIATA MK
485,AXSB IN
2184,AZJ AU
566,AZT AU
249,BAB MK
1542,BAF IN
623,BAL AU
2511,BANPU TB
199,BAP AU
1508,BATA IN
370,BAY TB
1592,BBCA IJ
156,BBG AU
2587,BBL TB
307,BBL/F TB
1869,BBNI IJ
2351,BBRI IJ
304,BBTC IN
687,BBTN IJ
2614,BCP TB
892,BCPG TB
1244,BD IN
1572,BDMS TB
1343,BDR AU
96,BEAUTY TB
1732,BECL TB
2692,BEM TB
836,BEML IN
468,BEN AU
2501,BFUT IN
808,BGRIM TB
2346,BGRL IN
673,BH TB
2284,BHAFIN IN
1728,BHARTI IN
2682,BHE IN
1426,BHEL IN
499,BHFC IN
224,BHIN IN
2746,BHP AU
2583,BHUS IN
1978,BIG SP
97,BIL IN
2404,BIOS IN
1633,BJAUT IN
573,BJBR IJ
1713,BJC TB
2663,BJFIN IN
1174,BJH IN
2493,BJHI IN
1060,BKL AU
2779,BKN AU
1108,BLAND TB
951,BLD AU
242,BLY AU
1216,BMCL TB
230,BMRI IJ
849,BMTR IJ
130,BNB AU
2489,BNBR IJ
817,BNII IJ
486,BOB IN
2484,BOI IN
977,BOQ AU
2601,BORN IJ
629,BOS IN
1134,BOUS MK
568,BPCL IN
767,BPP TB
1101,BPT AU
1304,BRCM IN
2128,BRGD IN
877,BRIT IN
1518,BRMS IJ
288,BRPL IN
2108,BRPT IJ
2162,BRS AU
905,BSL AU
2705,BTS TB
2375,BUMI IJ
685,BURSA MK
2547,BXB AU
1337,CAIR IN
328,CANF IN
879,CAPL SP
1910,CAR AU
2693,CBA AU
2066,CBG TB
503,CBK IN
632,CBOI IN
120,CBOP IN
1119,CCL AU
2083,CD SP
2752,CDH IN
2179,CEAT IN
2368,CEN NZ
2245,CENT IN
1116,CENTEL TB
2271,CESC IN
2074,CETL IN
2220,CEY AU
421,CGC AU
1268,CGF AU
667,CGG AU
1718,CGPOWER IN
798,CHEN SP
598,CHHS SP
500,CHMB IN
2215,CHNETQ HK
871,CIFC IN
443,CIM AU
1073,CIMB MK
522,CIPLA IN
212,CIT SP
2551,CITINQ HK
989,CK TB
797,CLGT IN
2337,CMA SP
1165,CMJ AU
2480,CNU NZ
2276,COAL IN
2093,COH AU
544,COM7 TB
1582,COS SP
1685,COXK IN
1819,CPALL TB
1530,CPF TB
2104,CPIN IJ
1963,CPN TB
701,CPU AU
2541,CRG AU
1832,CSL AU
428,CSM AU
580,CSR AU
2396,CSTRL IN
2560,CTD AU
1859,CTX AU
2264,CVO AU
323,CWN AU
1686,CWY AU
1509,DABUR IN
1217,DBEL IN
2403,DBL IN
1445,DBNK IN
2204,DBRL IN
1377,DBS SP
2428,DCBB IN
184,DDD TB
2082,DELTA IN
2767,DELTA TB
322,DEWA IJ
2090,DEWH IN
972,DHG AU
932,DIGI MK
490,DITV IN
2755,DIVI IN
488,DIXON IN
1954,DJS AU
2523,DLFU IN
2381,DLG MK
1485,DLPL IN
1779,DLX AU
962,DMART IN
1553,DMP AU
1099,DOID IJ
2724,DOW AU
2291,DRB MK
32,DRRD IN
2398,DTAC TB
2546,DXL AU
1330,EA TB
1659,EARTH TB
2333,EDEL IN
548,EDSL IN
2298,EHE AU
807,EIM IN
2413,ELD AU
310,ELSC IN
2111,ELTY IJ
740,ENGR IN
1571,ENRG IJ
2376,EPG TB
728,ERA AU
1353,ESC IN
2467,ESOIL IN
2658,ESSO TB
1656,EVN AU
564,EXID IN
188,EXT AU
2454,EZI SP
742,EZRA SP
478,FB IN
516,FBU NZ
607,FCON IN
1218,FEL IN
1945,FGL AU
2011,FGV MK
362,FLT AU
2334,FMG AU
2007,FML IN
100,FMS AU
2563,FNN SP
1981,FORH IN
1697,FPH NZ
416,FR SP
47,FXJ AU
723,GAIL IN
1604,GALV SP
261,GAM MK
378,GBG AU
1248,GCL AU
238,GCPL IN
292,GDSP IN
367,GEM AU
1613,GENM MK
15,GENS SP
1671,GENT MK
1241,GESCO IN
2395,GFF AU
2623,GGAS IN
262,GGL SP
57,GGR SP
492,GGRM IJ
1301,GITG IN
973,GL TB
1256,GLOW TB
1177,GLP SP
671,GMA AU
298,GMDC IN
802,GMRI IN
2059,GNC AU
806,GNC IN
824,GNFC IN
1357,GNP IN
412,GNS AU
84,GP IN
1016,GPSC TB
738,GRAN IN
577,GRASIM IN
606,GRIL IN
1742,GSFC IN
2613,GTLI IN
43,GUJS IN
1402,GULF TB
957,GUNKUL TB
1059,GVKP IN
2697,GXY AU
1349,HART MK
380,HAVL IN
68,HCC IN
101,HCLT IN
975,HCP IN
210,HDFC IN
149,HDFCB IN
1985,HDFCLIFE IN
713,HDIL IN
2237,HEG IN
1610,HEXW IN
760,HKL SP
1051,HLBK MK
710,HMCL IN
1224,HMFC IN
2197,HMPRO TB
945,HMSP IJ
858,HNDL IN
1178,HOE IN
2336,HPCL IN
1916,HRUM IJ
1462,HSO AU
2141,HT1 AU
2719,HUVR IN
1199,HVN AU
2226,HYR MK
46,HZ IN
172,IAG AU
1203,IAU AU
2048,IBREL IN
509,IBULL IN
239,IBVE IN
2606,ICBP IJ
2187,ICEM IN
832,ICICIBC IN
650,ICL AU
376,IDBI IN
1007,IDEA IN
1499,IDFC IN
391,IDFCBK IN
2086,IFAR SP
1928,IFCI IN
1539,IFEC TB
2324,IFL AU
2487,IGL IN
864,IGO AU
1546,IH IN
609,IHFL IN
854,IHH MK
777,IIB IN
2017,IIFL IN
2418,IIKP IJ
1127,IIN AU
337,IJM MK
1764,ILU AU
319,INBK IN
2020,INCO IJ
313,INDF IJ
917,INDIGO IN
111,INDY IJ
1027,INFIBEAM IN
1003,INFO IN
175,INRI MK
620,INTP IJ
562,INTUCH TB
2171,IOCL IN
816,IOI MK
941,IPL AU
1709,IPRU IN
592,IRB IN
23,IRPC TB
1412,ISAT IJ
2678,ITC IN
127,ITD TB
1729,ITMG IJ
1463,IVL TB
1532,IVR IN
38,IVRC IN
2534,JAS TB
363,JBH AU
1315,JBM AU
2280,JCNC SP
2285,JDPF IN
1026,JDSL IN
605,JES SP
39,JETIN IN
1467,JFI IN
1661,JI IN
186,JM SP
306,JMNA IN
813,JPA IN
202,JPVL IN
1938,JS SP
1323,JSAW IN
1663,JSP IN
1124,JSTL IN
588,JSW IN
1574,JSWI IN
976,JUBI IN
2372,JUBILANT IN
1168,JUST IN
644,KAIR IN
2160,KAR AU
895,KBANK TB
234,KBANK/F TB
1638,KBL IN
429,KCE TB
1294,KCN AU
1958,KECI IN
911,KEP SP
1308,KEPB MK
1232,KKC IN
1469,KKP TB
1773,KLBF IJ
1193,KLK MK
1496,KMB IN
1302,KNMG MK
1287,KPIT IN
1762,KPLD SP
1131,KRAS IJ
474,KSO IN
1389,KTB TB
1320,KTC TB
1536,KUSHAL IN
2397,KZL AU
725,LANCI IN
1730,LAURUS IN
189,LELA IN
1283,LGL AU
2031,LH TB
1289,LHFG TB
2549,LICHF IN
54,LIGO SP
2785,LNG AU
648,LNK AU
684,LNN AU
1492,LPC IN
2786,LPKR IJ
1898,LPN TB
108,LPPF IJ
1794,LT IN
1763,LTFH IN
1251,LYC AU
1425,MAHB MK
645,MAXF IN
1561,MAXIS MK
2425,MAY MK
647,MBN AU
1627,MCC AU
1375,MCX IN
1157,MEDC IJ
2517,MEGA TB
2067,MFG AU
1433,MGFL IN
967,MGX AU
1527,MHS IN
1169,MICE IN
451,MIDAS SP
835,MII SP
929,MIN AU
705,MINT TB
2340,MIS AU
2164,MISC MK
2743,MISP IN
810,MLIFE IN
2607,MM IN
2742,MMFS IN
1276,MML AU
804,MMS AU
1917,MMX AU
2670,MNCN IJ
2660,MND AU
2768,MOIL IN
170,MPHL IN
510,MPL AU
406,MPPA IJ
1814,MQG AU
2152,MRCO IN
1805,MRE AU
27,MRF IN
458,MRKS IN
48,MRL IN
2246,MRLN IN
830,MRLN SP
282,MRPL IN
305,MRU AU
1293,MSB AU
2304,MSIL IN
1010,MSS IN
1483,MTC TB
2103,MTCL IN
1678,MTNL IN
2694,MTR AU
563,MTS AU
910,MYEG MK
2548,MYO AU
1311,MYR AU
2350,MYRX IJ
137,MYX AU
2069,NAB AU
980,NACL IN
2283,NBCC IN
1189,NCM AU
2088,NDTV IN
1282,NEC AU
1525,NESZ MK
201,NFCL IN
1979,NHPC IN
2202,NJCC IN
1929,NLC IN
150,NMDC IN
182,NOBL SP
2481,NOL SP
114,NST AU
2405,NTCPH IN
1715,NTPC IN
1872,NUF AU
2619,NWH AU
1484,NXT AU
553,OAXE IN
699,OBC IN
124,OCBC SP
1595,OCNUS SP
2188,OFSS IN
689,OINL IN
1395,OLAM SP
576,ONGC IN
514,ORA AU
2154,ORB IN
2758,ORE AU
570,ORG AU
2348,ORI AU
1797,OSH AU
1190,OZL AU
1414,PAG IN
1186,PARSV IN
346,PATNI IN
240,PBK MK
2161,PBKF MK
663,PCHEM MK
2789,PCJL IN
25,PDL AU
696,PDN AU
552,PENL IN
745,PEP MK
1980,PETD MK
1831,PGAS IJ
1028,PGH AU
129,PI IN
223,PIDI IN
1643,PIEL IN
1931,PJSB IN
2553,PKI IN
1630,PKS MK
283,PLNG IN
2699,PLS AU
1416,PLUS MK
1299,PMAH MK
803,PMV AU
1150,PNA AU
1419,PNB IN
2124,PNBHOUSI IN
1039,POOL IJ
1347,POWF IN
613,PPT AU
1058,PRJ IN
2147,PRM TB
1379,PROH MK
2627,PRSMJ IN
1949,PRU AU
1482,PRY AU
277,PTBA IJ
2747,PTCIN IN
2437,PTG MK
113,PTL TB
1369,PTM AU
45,PTT TB
1670,PTT/F TB
228,PTTAR TB
33,PTTCH TB
2288,PTTEP TB
981,PTTGC TB
2192,PUNJ IN
1923,PWAY SP
2322,PWGR IN
222,QAN AU
711,QBE AU
2476,QH TB
1242,QUB AU
846,RBK IN
2644,RBXY IN
2654,RCAPT IN
95,RCF IN
520,RCOM IN
1774,RDCK IN
2525,REA AU
1721,REC AU
1017,RECL IN
964,REDI IN
1146,RELG IN
1278,RELI IN
2475,RHBBANK MK
286,RHBC MK
695,RHC AU
2567,RIIL IN
608,RIL IN
1537,RINDL IN
1746,RIO AU
1179,RIV AU
2318,RJEX IN
1744,RLS SP
1655,RLTA IN
19,RMW IN
1370,RNAVAL IN
2049,RNR IN
1843,ROBINS TB
2053,RPET IN
1885,RPWR IN
2233,RRL AU
437,RS TB
2482,RSG AU
724,RSI IN
153,RSP AU
1115,RW IN
2451,RWC AU
601,S TB
621,S32 AU
2065,SAIL IN
2728,SAMART TB
2047,SAPE MK
1802,SAR AU
534,SAR SP
2527,SATS SP
64,SAWAD TB
2092,SBIN IN
1614,SBM AU
914,SCB TB
1113,SCC TB
2519,SCC/F TB
2148,SCGD SP
1602,SCI IN
166,SCI SP
2379,SCIB TB
409,SCS IN
1591,SDF AU
1878,SDL AU
1236,SDPL MK
482,SDPR MK
2642,SEK AU
1547,SFL IN
944,SFR AU
969,SGM AU
445,SGP TB
438,SGR AU
2330,SGX SP
1692,SHANKARA IN
1617,SHL AU
1921,SHRS IN
1573,SHTF IN
2043,SIA SP
1941,SIAP IJ
682,SIDO IJ
1977,SIEM IN
353,SIG AU
785,SIIC SP
1271,SIME MK
2424,SINT IN
1743,SINTEX IN
2266,SIRI TB
2684,SITINET IN
1507,SJET IN
1171,SKC NZ
2377,SKNL IN
2012,SKT NZ
2750,SLR AU
257,SMGR IJ
335,SMM SP
2504,SNDB IN
1704,SOBHA IN
729,SOTL IN
870,SPADV IN
476,SPALI TB
1576,SPC SP
1394,SPCM IN
646,SPH SP
1250,SPK NZ
853,SPO AU
1408,SPOST SP
2084,SPRC TB
676,SPSB MK
1634,SRCM IN
2238,SREI IN
2426,SRF IN
317,SRIL IJ
2533,SRS AU
1418,SRX AU
1449,SSMS IJ
2596,ST SP
1238,STA TB
1230,STE SP
1606,STEC TB
2073,STH SP
958,STLT IN
1551,STO AU
1225,STPI TB
2378,STR IN
36,SUCB MK
90,SUEL IN
1897,SUL AU
2112,SUN AU
2373,SUNP IN
1200,SUNTV IN
2536,SUPER TB
2143,SVW AU
755,SWAN IN
2281,SWH IN
1361,SWM AU
913,SYB AU
1512,SYNF SP
1392,SYR AU
1381,T MK
1567,TAH AU
653,TAL AU
10,TASCO TB
1222,TATA IN
1880,TCAP TB
2122,TCOM IN
1327,TCS IN
2118,TECHM IN
2207,TELX IN
301,TEN AU
1354,TFG TB
2577,TGBL IN
1372,THAI TB
2639,THBEV SP
1939,THCOM TB
494,THG TB
1263,THRE TB
2617,TINS IJ
1214,TISCO TB
1847,TKN TB
160,TLKM IJ
769,TLS AU
575,TMB TB
555,TME NZ
885,TNB MK
860,TOA TB
339,TOL AU
1598,TOP TB
838,TOPG MK
2046,TOX AU
2576,TPC TB
1473,TPIPL TB
1560,TPIPP TB
401,TPM AU
320,TPWR IN
1259,TRAM IJ
408,TRCL IN
296,TRE IN
276,TRUB IJ
2585,TRUE TB
384,TTA TB
1240,TTAN IN
1420,TTCH IN
694,TTLS IN
1358,TTMT IN
131,TTMT/A IN
1269,TTS AU
2784,TU TB
2176,TV18 IN
557,TVSL IN
1043,TWE AU
746,UBBL IN
2500,UCO IN
2408,UEMS MK
1563,UGL AU
91,UJJIVAN IN
2435,UMWH MK
2465,UNBK IN
1135,UNIQ TB
2545,UNSP IJ
862,UNSP IN
1471,UNTR IJ
2624,UNVR IJ
2649,UOB SP
1890,UOL SP
842,UPLL IN
2657,UT IN
1339,UTCEM IN
2461,UTV IN
542,UV TB
1438,VARD SP
2787,VCLF IN
1971,VEB MK
2001,VED AU
1803,VEDL IN
1789,VGI TB
1759,VGRD IN
2386,VJYBK IN
1083,VKI IN
2121,VMS SP
1884,VNT TB
2715,VOC AU
2421,VOLT IN
2097,VYSB IN
827,WBC AU
758,WEB AU
2628,WES AU
1364,WESN AU
896,WHA TB
1173,WHC AU
734,WIKA IJ
1312,WIL SP
2655,WINGT SP
269,WLCO IN
168,WOR AU
1257,WORK TB
1698,WOW AU
707,WPL AU
2269,WPL IN
267,WPRO IN
1782,WSA AU
908,WSKT IJ
4,WTC AU
2327,YES IN
1792,YINGLI SP
1404,YLLG SP
2646,YOMA SP
1182,YZJSGD SP
1035,Z IN
1811,ZFX AU
