0,300556 CH
1,603916 CH
2,000059 CH
3,300679 CH
4,603599 CH
5,601390 CH
6,600077 CH
7,002503 CH
8,300548 CH
9,600601 CH
10,002322 CH
11,300057 CH
12,600745 CH
13,000099 CH
14,000502 CH
15,002485 CH
16,600188 CH
17,300618 CH
18,002488 CH
19,000026 CH
20,002535 CH
21,300529 CH
22,603378 CH
23,300024 CH
24,600125 CH
25,600809 CH
26,002205 CH
27,300345 CH
28,600658 CH
29,002199 CH
30,603527 CH
31,002439 CH
32,603659 CH
33,300457 CH
34,002500 CH
35,600302 CH
36,002806 CH
37,603667 CH
38,000555 CH
39,002097 CH
40,600990 CH
41,300015 CH
42,603528 CH
43,000836 CH
44,600895 CH
45,002822 CH
46,002624 CH
47,600861 CH
48,000837 CH
49,300166 CH
50,603508 CH
51,002918 CH
52,002632 CH
53,000599 CH
54,300252 CH
55,002845 CH
56,600789 CH
57,000584 CH
58,601890 CH
59,300238 CH
60,600959 CH
61,002575 CH
62,601882 CH
63,603676 CH
64,000806 CH
65,000150 CH
66,300481 CH
67,300590 CH
68,603138 CH
69,300442 CH
70,600161 CH
71,300264 CH
72,300262 CH
73,002068 CH
74,300449 CH
75,600526 CH
76,002012 CH
77,002250 CH
78,600773 CH
79,000030 CH
80,300461 CH
81,002559 CH
82,002732 CH
83,603595 CH
84,600237 CH
85,002344 CH
86,000822 CH
87,000422 CH
88,002031 CH
89,002576 CH
90,002692 CH
91,600821 CH
92,300401 CH
93,000719 CH
94,002335 CH
95,600767 CH
96,300279 CH
97,600331 CH
98,300426 CH
99,300308 CH
100,603323 CH
101,000004 CH
102,002455 CH
103,000930 CH
104,603369 CH
105,002666 CH
106,002085 CH
107,600141 CH
108,603518 CH
109,600316 CH
110,600580 CH
111,600190 CH
112,000916 CH
113,600660 CH
114,002540 CH
115,000516 CH
116,600479 CH
117,000998 CH
118,600543 CH
119,300142 CH
120,600091 CH
121,300349 CH
122,603315 CH
123,603607 CH
124,002145 CH
125,603160 CH
126,300473 CH
127,000096 CH
128,300098 CH
129,600326 CH
130,300526 CH
131,002243 CH
132,000557 CH
133,000718 CH
134,600961 CH
135,002630 CH
136,600770 CH
137,002761 CH
138,300324 CH
139,600406 CH
140,002380 CH
141,603496 CH
142,600318 CH
143,603758 CH
144,000014 CH
145,600396 CH
146,601258 CH
147,002671 CH
148,002406 CH
149,002716 CH
150,000565 CH
151,300075 CH
152,603589 CH
153,300609 CH
154,002252 CH
155,600966 CH
156,600477 CH
157,300493 CH
158,600055 CH
159,600795 CH
160,600405 CH
161,600806 CH
162,600692 CH
163,002719 CH
164,603031 CH
165,600212 CH
166,600400 CH
167,600241 CH
168,603030 CH
169,300367 CH
170,000818 CH
171,600755 CH
172,600565 CH
173,002683 CH
174,600687 CH
175,002698 CH
176,300343 CH
177,000620 CH
178,600285 CH
179,300453 CH
180,002244 CH
181,000776 CH
182,000711 CH
183,002634 CH
184,600536 CH
185,600866 CH
186,002409 CH
187,300407 CH
188,300007 CH
189,600792 CH
190,601966 CH
191,600832 CH
192,002197 CH
193,600176 CH
194,601969 CH
195,600987 CH
196,300395 CH
197,600438 CH
198,603203 CH
199,600130 CH
200,002254 CH
201,002810 CH
202,600599 CH
203,000048 CH
204,000869 CH
205,601118 CH
206,601028 CH
207,600605 CH
208,300270 CH
209,600613 CH
210,600379 CH
211,000507 CH
212,300084 CH
213,002422 CH
214,000957 CH
215,601898 CH
216,000544 CH
217,600769 CH
218,300517 CH
219,600511 CH
220,600423 CH
221,000697 CH
222,000501 CH
223,600531 CH
224,600030 CH
225,600001 CH
226,000968 CH
227,300697 CH
228,600874 CH
229,601238 CH
230,000967 CH
231,002840 CH
232,002196 CH
233,000616 CH
234,603566 CH
235,603661 CH
236,601700 CH
237,002610 CH
238,300002 CH
239,000973 CH
240,600577 CH
241,300386 CH
242,600600 CH
243,002175 CH
244,000663 CH
245,002790 CH
246,600513 CH
247,002879 CH
248,600634 CH
249,000726 CH
250,603959 CH
251,300230 CH
252,300342 CH
253,600439 CH
254,002741 CH
255,600851 CH
256,600057 CH
257,000731 CH
258,600499 CH
259,300167 CH
260,000550 CH
261,600289 CH
262,600039 CH
263,601179 CH
264,603559 CH
265,603136 CH
266,300335 CH
267,600681 CH
268,600166 CH
269,600619 CH
270,601326 CH
271,000665 CH
272,600352 CH
273,002591 CH
274,600062 CH
275,300466 CH
276,002432 CH
277,300100 CH
278,601866 CH
279,300097 CH
280,002024 CH
281,600149 CH
282,300310 CH
283,002643 CH
284,600833 CH
285,002779 CH
286,300177 CH
287,002657 CH
288,600621 CH
289,600627 CH
290,300374 CH
291,002713 CH
292,000709 CH
293,600521 CH
294,000698 CH
295,300012 CH
296,600467 CH
297,600829 CH
298,603557 CH
299,000762 CH
300,300330 CH
301,600253 CH
302,600490 CH
303,300412 CH
304,603777 CH
305,603286 CH
306,002216 CH
307,600602 CH
308,600985 CH
309,300582 CH
310,603822 CH
311,000631 CH
312,002034 CH
313,000070 CH
314,000707 CH
315,000690 CH
316,000815 CH
317,000056 CH
318,002140 CH
319,002589 CH
320,600756 CH
321,002661 CH
322,601225 CH
323,000153 CH
324,601339 CH
325,002850 CH
326,600337 CH
327,600750 CH
328,002043 CH
329,600419 CH
330,001896 CH
331,000898 CH
332,600279 CH
333,002283 CH
334,600385 CH
335,000783 CH
336,600988 CH
337,002451 CH
338,600595 CH
339,002153 CH
340,603225 CH
341,002278 CH
342,600568 CH
343,300072 CH
344,001965 CH
345,000918 CH
346,601137 CH
347,603189 CH
348,600119 CH
349,600763 CH
350,002648 CH
351,002415 CH
352,603816 CH
353,002749 CH
354,600136 CH
355,002081 CH
356,300497 CH
357,002290 CH
358,000001 CH
359,000691 CH
360,000786 CH
361,600195 CH
362,002515 CH
363,002523 CH
364,600629 CH
365,300231 CH
366,002787 CH
367,600530 CH
368,600507 CH
369,002291 CH
370,300157 CH
371,603123 CH
372,300174 CH
373,002147 CH
374,300327 CH
375,002053 CH
376,002859 CH
377,603233 CH
378,300385 CH
379,002106 CH
380,600893 CH
381,002211 CH
382,603859 CH
383,002899 CH
384,002112 CH
385,600718 CH
386,002585 CH
387,601100 CH
388,002437 CH
389,300551 CH
390,000611 CH
391,002163 CH
392,000978 CH
393,603899 CH
394,603393 CH
395,600744 CH
396,600228 CH
397,600251 CH
398,600628 CH
399,002287 CH
400,600361 CH
401,002808 CH
402,600808 CH
403,600258 CH
404,002642 CH
405,002755 CH
406,000799 CH
407,000788 CH
408,600636 CH
409,601989 CH
410,000882 CH
411,603737 CH
412,603060 CH
413,600309 CH
414,600186 CH
415,000626 CH
416,600803 CH
417,300108 CH
418,002506 CH
419,002722 CH
420,001979 CH
421,600261 CH
422,000988 CH
423,600221 CH
424,002060 CH
425,600468 CH
426,000518 CH
427,300363 CH
428,600150 CH
429,600369 CH
430,002236 CH
431,300033 CH
432,002700 CH
433,002837 CH
434,002330 CH
435,300067 CH
436,000819 CH
437,300474 CH
438,600293 CH
439,600325 CH
440,603387 CH
441,300568 CH
442,300521 CH
443,002449 CH
444,002509 CH
445,002191 CH
446,300173 CH
447,002640 CH
448,600301 CH
449,600232 CH
450,300416 CH
451,300320 CH
452,603458 CH
453,600797 CH
454,000888 CH
455,002551 CH
456,600133 CH
457,603858 CH
458,300403 CH
459,300344 CH
460,600248 CH
461,600372 CH
462,002208 CH
463,603633 CH
464,600830 CH
465,600641 CH
466,600607 CH
467,600096 CH
468,300183 CH
469,600727 CH
470,600790 CH
471,603042 CH
472,002511 CH
473,600223 CH
474,600476 CH
475,000883 CH
476,300709 CH
477,000838 CH
478,002707 CH
479,002759 CH
480,603707 CH
481,600653 CH
482,002217 CH
483,002558 CH
484,000401 CH
485,002599 CH
486,300073 CH
487,002795 CH
488,600867 CH
489,300601 CH
490,300619 CH
491,600556 CH
492,002699 CH
493,603606 CH
494,000793 CH
495,000545 CH
496,002200 CH
497,000007 CH
498,600109 CH
499,600650 CH
500,002073 CH
501,300331 CH
502,300122 CH
503,000997 CH
504,603169 CH
505,002434 CH
506,300203 CH
507,601777 CH
508,000931 CH
509,002520 CH
510,002186 CH
511,600676 CH
512,600004 CH
513,601116 CH
514,600306 CH
515,002729 CH
516,603778 CH
517,002827 CH
518,603096 CH
519,300103 CH
520,601168 CH
521,603567 CH
522,300169 CH
523,002635 CH
524,603618 CH
525,002407 CH
526,002121 CH
527,000983 CH
528,000862 CH
529,002833 CH
530,002581 CH
531,600116 CH
532,603686 CH
533,300215 CH
534,000607 CH
535,603868 CH
536,002384 CH
537,002512 CH
538,002108 CH
539,000567 CH
540,002124 CH
541,002255 CH
542,002372 CH
543,002044 CH
544,002633 CH
545,002644 CH
546,603444 CH
547,002793 CH
548,002251 CH
549,601318 CH
550,002522 CH
551,000338 CH
552,300099 CH
553,300008 CH
554,600764 CH
555,603338 CH
556,601919 CH
557,002460 CH
558,002549 CH
559,002753 CH
560,002518 CH
561,603728 CH
562,000922 CH
563,000856 CH
564,603848 CH
565,600358 CH
566,601958 CH
567,600802 CH
568,000537 CH
569,002010 CH
570,600677 CH
571,300639 CH
572,002811 CH
573,600958 CH
574,600831 CH
575,300255 CH
576,300130 CH
577,300133 CH
578,000885 CH
579,300519 CH
580,600148 CH
581,600448 CH
582,603368 CH
583,600545 CH
584,603558 CH
585,601099 CH
586,300438 CH
587,002473 CH
588,000667 CH
589,300277 CH
590,300205 CH
591,000923 CH
592,002397 CH
593,600031 CH
594,300280 CH
595,002054 CH
596,600892 CH
597,600382 CH
598,002046 CH
599,600351 CH
600,600731 CH
601,000767 CH
602,002224 CH
603,300313 CH
604,600637 CH
605,603289 CH
606,601006 CH
607,300547 CH
608,002823 CH
609,000886 CH
610,300316 CH
611,300175 CH
612,300566 CH
613,002492 CH
614,000795 CH
615,600552 CH
616,002105 CH
617,600683 CH
618,002075 CH
619,600986 CH
620,000860 CH
621,002181 CH
622,600444 CH
623,002128 CH
624,601098 CH
625,000878 CH
626,002348 CH
627,600787 CH
628,300546 CH
629,002866 CH
630,300276 CH
631,002141 CH
632,601881 CH
633,300483 CH
634,603036 CH
635,600076 CH
636,002238 CH
637,002307 CH
638,603889 CH
639,300198 CH
640,603223 CH
641,603605 CH
642,002309 CH
643,601908 CH
644,000656 CH
645,300434 CH
646,000628 CH
647,002765 CH
648,300207 CH
649,600388 CH
650,300391 CH
651,600112 CH
652,002714 CH
653,603322 CH
654,002763 CH
655,603336 CH
656,600561 CH
657,000900 CH
658,300286 CH
659,000008 CH
660,603108 CH
661,300110 CH
662,603006 CH
663,000833 CH
664,300138 CH
665,603017 CH
666,000880 CH
667,600903 CH
668,300189 CH
669,600889 CH
670,002139 CH
671,000679 CH
672,002194 CH
673,300571 CH
674,300004 CH
675,603077 CH
676,600732 CH
677,603012 CH
678,002480 CH
679,603386 CH
680,002228 CH
681,000760 CH
682,603929 CH
683,600518 CH
684,600999 CH
685,600348 CH
686,000708 CH
687,002189 CH
688,300528 CH
689,600991 CH
690,002051 CH
691,601177 CH
692,600786 CH
693,600252 CH
694,002816 CH
695,002495 CH
696,002326 CH
697,300193 CH
698,300161 CH
699,002169 CH
700,603711 CH
701,600655 CH
702,600864 CH
703,600016 CH
704,002047 CH
705,002508 CH
706,300257 CH
707,002083 CH
708,600862 CH
709,000826 CH
710,002247 CH
711,300197 CH
712,603766 CH
713,300550 CH
714,603568 CH
715,300022 CH
716,300048 CH
717,002601 CH
718,600838 CH
719,300471 CH
720,600131 CH
721,300417 CH
722,300387 CH
723,300247 CH
724,300712 CH
725,002134 CH
726,600801 CH
727,002266 CH
728,002215 CH
729,002911 CH
730,603009 CH
731,603099 CH
732,300633 CH
733,000601 CH
734,000705 CH
735,603180 CH
736,002256 CH
737,601567 CH
738,603165 CH
739,601678 CH
740,000890 CH
741,600197 CH
742,000531 CH
743,000573 CH
744,600071 CH
745,300510 CH
746,600233 CH
747,603937 CH
748,300163 CH
749,000892 CH
750,603601 CH
751,300422 CH
752,603689 CH
753,600635 CH
754,000782 CH
755,300414 CH
756,002218 CH
757,603166 CH
758,600572 CH
759,000521 CH
760,002220 CH
761,600355 CH
762,600520 CH
763,002394 CH
764,603988 CH
765,603817 CH
766,600327 CH
767,300199 CH
768,600137 CH
769,002334 CH
770,002321 CH
771,002445 CH
772,600371 CH
773,600346 CH
774,603069 CH
775,000166 CH
776,603977 CH
777,000738 CH
778,002267 CH
779,002042 CH
780,600191 CH
781,600381 CH
782,600896 CH
783,000852 CH
784,000959 CH
785,300080 CH
786,000758 CH
787,300181 CH
788,000792 CH
789,600570 CH
790,600335 CH
791,002050 CH
792,000963 CH
793,600486 CH
794,603800 CH
795,000413 CH
796,601003 CH
797,300623 CH
798,000488 CH
799,300315 CH
800,600429 CH
801,600391 CH
802,600495 CH
803,000613 CH
804,002358 CH
805,002670 CH
806,300114 CH
807,600036 CH
808,002543 CH
809,002188 CH
810,300627 CH
811,600522 CH
812,002284 CH
813,600825 CH
814,002681 CH
815,300456 CH
816,000937 CH
817,600722 CH
818,300250 CH
819,600368 CH
820,002718 CH
821,002233 CH
822,601139 CH
823,000407 CH
824,300328 CH
825,600549 CH
826,603979 CH
827,300620 CH
828,300530 CH
829,601288 CH
830,002338 CH
831,002204 CH
832,601633 CH
833,300288 CH
834,002410 CH
835,000635 CH
836,600078 CH
837,300064 CH
838,002482 CH
839,002573 CH
840,002773 CH
841,600330 CH
842,600230 CH
843,600359 CH
844,002213 CH
845,002791 CH
846,000659 CH
847,300112 CH
848,002786 CH
849,002017 CH
850,300153 CH
851,600882 CH
852,300196 CH
853,002328 CH
854,600307 CH
855,600523 CH
856,300319 CH
857,601519 CH
858,600811 CH
859,600239 CH
860,000797 CH
861,000889 CH
862,603663 CH
863,300026 CH
864,603819 CH
865,002275 CH
866,300049 CH
867,000581 CH
868,601007 CH
869,002025 CH
870,600879 CH
871,300441 CH
872,002377 CH
873,000031 CH
874,300318 CH
875,002303 CH
876,600730 CH
877,000625 CH
878,300612 CH
879,600265 CH
880,000908 CH
881,002396 CH
882,600894 CH
883,000572 CH
884,002584 CH
885,002123 CH
886,000042 CH
887,600446 CH
888,002631 CH
889,600129 CH
890,601111 CH
891,300317 CH
892,300126 CH
893,300107 CH
894,300525 CH
895,603333 CH
896,300240 CH
897,300545 CH
898,000023 CH
899,600169 CH
900,600995 CH
901,601666 CH
902,600553 CH
903,000429 CH
904,002277 CH
905,600377 CH
906,300171 CH
907,000416 CH
908,002484 CH
909,002701 CH
910,600782 CH
911,603116 CH
912,300224 CH
913,002777 CH
914,601222 CH
915,300283 CH
916,000912 CH
917,002240 CH
918,603023 CH
919,600734 CH
920,300365 CH
921,600804 CH
922,603888 CH
923,603722 CH
924,600720 CH
925,600064 CH
926,603696 CH
927,002362 CH
928,603660 CH
929,300293 CH
930,600563 CH
931,002331 CH
932,002080 CH
933,002725 CH
934,300143 CH
935,601717 CH
936,002756 CH
937,002301 CH
938,000752 CH
939,600566 CH
940,002712 CH
941,000863 CH
942,002028 CH
943,000948 CH
944,603608 CH
945,000678 CH
946,600758 CH
947,002805 CH
948,603808 CH
949,002463 CH
950,002320 CH
951,600796 CH
952,600939 CH
953,600115 CH
954,600616 CH
955,002620 CH
956,600576 CH
957,000563 CH
958,300299 CH
959,300297 CH
960,601799 CH
961,000513 CH
962,000895 CH
963,601688 CH
964,601018 CH
965,603133 CH
966,603385 CH
967,600555 CH
968,600380 CH
969,603616 CH
970,603198 CH
971,002223 CH
972,000419 CH
973,300030 CH
974,002592 CH
975,002176 CH
976,002413 CH
977,603918 CH
978,600292 CH
979,002628 CH
980,002745 CH
981,002757 CH
982,000848 CH
983,600310 CH
984,000727 CH
985,300018 CH
986,300282 CH
987,603088 CH
988,002687 CH
989,000662 CH
990,002142 CH
991,000506 CH
992,002564 CH
993,300213 CH
994,300428 CH
995,600415 CH
996,002447 CH
997,002505 CH
998,600183 CH
999,000010 CH
1000,600705 CH
1001,600604 CH
1002,300404 CH
1003,000821 CH
1004,600403 CH
1005,002120 CH
1006,300217 CH
1007,600516 CH
1008,002076 CH
1009,601001 CH
1010,002137 CH
1011,002569 CH
1012,300648 CH
1013,000606 CH
1014,601699 CH
1015,601886 CH
1016,300340 CH
1017,600282 CH
1018,600898 CH
1019,300687 CH
1020,002369 CH
1021,600155 CH
1022,002453 CH
1023,002593 CH
1024,600840 CH
1025,300396 CH
1026,002524 CH
1027,300154 CH
1028,300300 CH
1029,600079 CH
1030,600675 CH
1031,002660 CH
1032,603366 CH
1033,002072 CH
1034,000700 CH
1035,002156 CH
1036,000585 CH
1037,002299 CH
1038,002775 CH
1039,603040 CH
1040,600633 CH
1041,300613 CH
1042,002694 CH
1043,000905 CH
1044,002583 CH
1045,300273 CH
1046,600395 CH
1047,300259 CH
1048,300058 CH
1049,300543 CH
1050,600420 CH
1051,002546 CH
1052,600256 CH
1053,300223 CH
1054,600886 CH
1055,002616 CH
1056,603025 CH
1057,000816 CH
1058,000901 CH
1059,002269 CH
1060,600170 CH
1061,002265 CH
1062,000893 CH
1063,002697 CH
1064,603556 CH
1065,600900 CH
1066,300534 CH
1067,300685 CH
1068,300465 CH
1069,002305 CH
1070,600271 CH
1071,002079 CH
1072,300077 CH
1073,600027 CH
1074,300146 CH
1075,600421 CH
1076,002572 CH
1077,600299 CH
1078,002383 CH
1079,600983 CH
1080,002652 CH
1081,000966 CH
1082,600791 CH
1083,300718 CH
1084,002799 CH
1085,603288 CH
1086,002676 CH
1087,600023 CH
1088,300377 CH
1089,002726 CH
1090,600375 CH
1091,600433 CH
1092,600118 CH
1093,300274 CH
1094,300056 CH
1095,300562 CH
1096,000835 CH
1097,603520 CH
1098,603701 CH
1099,600623 CH
1100,600206 CH
1101,000933 CH
1102,000619 CH
1103,002293 CH
1104,000536 CH
1105,002521 CH
1106,002443 CH
1107,002817 CH
1108,601555 CH
1109,002450 CH
1110,600000 CH
1111,603277 CH
1112,002665 CH
1113,002530 CH
1114,000692 CH
1115,603383 CH
1116,300216 CH
1117,002381 CH
1118,300076 CH
1119,002202 CH
1120,300711 CH
1121,002055 CH
1122,002587 CH
1123,600211 CH
1124,300542 CH
1125,601299 CH
1126,600213 CH
1127,002209 CH
1128,000511 CH
1129,000820 CH
1130,600063 CH
1131,600180 CH
1132,002074 CH
1133,000423 CH
1134,300708 CH
1135,002027 CH
1136,603909 CH
1137,603569 CH
1138,300565 CH
1139,300533 CH
1140,600780 CH
1141,600035 CH
1142,002680 CH
1143,000928 CH
1144,600199 CH
1145,002510 CH
1146,000040 CH
1147,300496 CH
1148,600387 CH
1149,600760 CH
1150,600172 CH
1151,000881 CH
1152,002728 CH
1153,000639 CH
1154,002428 CH
1155,002180 CH
1156,600754 CH
1157,300607 CH
1158,000668 CH
1159,002721 CH
1160,002280 CH
1161,000685 CH
1162,300425 CH
1163,601101 CH
1164,600250 CH
1165,300463 CH
1166,603882 CH
1167,601579 CH
1168,002776 CH
1169,600729 CH
1170,300431 CH
1171,600872 CH
1172,600785 CH
1173,000037 CH
1174,300628 CH
1175,002767 CH
1176,600182 CH
1177,002429 CH
1178,000761 CH
1179,000061 CH
1180,002045 CH
1181,600222 CH
1182,603278 CH
1183,601186 CH
1184,002638 CH
1185,603311 CH
1186,600121 CH
1187,600701 CH
1188,002295 CH
1189,300532 CH
1190,300688 CH
1191,000979 CH
1192,300047 CH
1193,002387 CH
1194,000158 CH
1195,300322 CH
1196,002178 CH
1197,002529 CH
1198,002319 CH
1199,300234 CH
1200,000671 CH
1201,600151 CH
1202,603685 CH
1203,000002 CH
1204,300149 CH
1205,002813 CH
1206,300170 CH
1207,600487 CH
1208,002496 CH
1209,002144 CH
1210,603001 CH
1211,601985 CH
1212,300516 CH
1213,603922 CH
1214,000417 CH
1215,600885 CH
1216,603955 CH
1217,600612 CH
1218,000602 CH
1219,600459 CH
1220,600560 CH
1221,601939 CH
1222,002289 CH
1223,300541 CH
1224,000801 CH
1225,002040 CH
1226,600691 CH
1227,300435 CH
1228,002780 CH
1229,000650 CH
1230,002004 CH
1231,600759 CH
1232,603008 CH
1233,002709 CH
1234,002296 CH
1235,002359 CH
1236,000517 CH
1237,300419 CH
1238,000811 CH
1239,600080 CH
1240,600362 CH
1241,600696 CH
1242,600765 CH
1243,603359 CH
1244,600060 CH
1245,002672 CH
1246,002639 CH
1247,600007 CH
1248,002373 CH
1249,002119 CH
1250,000733 CH
1251,600567 CH
1252,603669 CH
1253,002038 CH
1254,300678 CH
1255,300732 CH
1256,603626 CH
1257,600311 CH
1258,002568 CH
1259,002673 CH
1260,603357 CH
1261,600105 CH
1262,000418 CH
1263,600056 CH
1264,002623 CH
1265,600738 CH
1266,600578 CH
1267,600308 CH
1268,603688 CH
1269,002619 CH
1270,601366 CH
1271,600965 CH
1272,002441 CH
1273,002159 CH
1274,600340 CH
1275,300093 CH
1276,600017 CH
1277,600236 CH
1278,600714 CH
1279,300378 CH
1280,300494 CH
1281,603026 CH
1282,002458 CH
1283,300314 CH
1284,600297 CH
1285,601000 CH
1286,002364 CH
1287,601668 CH
1288,000020 CH
1289,603519 CH
1290,000005 CH
1291,002281 CH
1292,300195 CH
1293,600290 CH
1294,002300 CH
1295,600021 CH
1296,000598 CH
1297,000078 CH
1298,600736 CH
1299,002483 CH
1300,601718 CH
1301,002604 CH
1302,600123 CH
1303,002514 CH
1304,000597 CH
1305,000802 CH
1306,002003 CH
1307,600890 CH
1308,600229 CH
1309,002677 CH
1310,002122 CH
1311,000715 CH
1312,300337 CH
1313,000526 CH
1314,600875 CH
1315,002165 CH
1316,600456 CH
1317,002470 CH
1318,300201 CH
1319,002207 CH
1320,300301 CH
1321,600111 CH
1322,600606 CH
1323,002226 CH
1324,300001 CH
1325,600156 CH
1326,600589 CH
1327,000519 CH
1328,300352 CH
1329,600579 CH
1330,603890 CH
1331,603600 CH
1332,002161 CH
1333,002316 CH
1334,000950 CH
1335,601008 CH
1336,600508 CH
1337,002210 CH
1338,000777 CH
1339,601311 CH
1340,002608 CH
1341,002062 CH
1342,600491 CH
1343,002912 CH
1344,000637 CH
1345,000627 CH
1346,300104 CH
1347,000425 CH
1348,002446 CH
1349,600287 CH
1350,601929 CH
1351,000972 CH
1352,600583 CH
1353,601229 CH
1354,600820 CH
1355,000045 CH
1356,300370 CH
1357,300178 CH
1358,000917 CH
1359,600082 CH
1360,002708 CH
1361,002798 CH
1362,600978 CH
1363,002411 CH
1364,300369 CH
1365,300333 CH
1366,002393 CH
1367,002622 CH
1368,600761 CH
1369,600663 CH
1370,300101 CH
1371,601997 CH
1372,300488 CH
1373,002552 CH
1374,603127 CH
1375,000043 CH
1376,600615 CH
1377,002788 CH
1378,002742 CH
1379,002664 CH
1380,300723 CH
1381,600571 CH
1382,601016 CH
1383,600066 CH
1384,603555 CH
1385,601618 CH
1386,000971 CH
1387,002192 CH
1388,300410 CH
1389,000561 CH
1390,300045 CH
1391,603729 CH
1392,600240 CH
1393,000657 CH
1394,002528 CH
1395,000301 CH
1396,000633 CH
1397,000652 CH
1398,002058 CH
1399,300379 CH
1400,603515 CH
1401,002654 CH
1402,600664 CH
1403,600506 CH
1404,300005 CH
1405,300421 CH
1406,002766 CH
1407,000615 CH
1408,600478 CH
1409,300357 CH
1410,600086 CH
1411,600897 CH
1412,000568 CH
1413,300399 CH
1414,603799 CH
1415,600203 CH
1416,300531 CH
1417,600103 CH
1418,300113 CH
1419,300460 CH
1420,002818 CH
1421,000859 CH
1422,000566 CH
1423,600753 CH
1424,300579 CH
1425,601595 CH
1426,603388 CH
1427,300326 CH
1428,601211 CH
1429,603903 CH
1430,002155 CH
1431,603118 CH
1432,600428 CH
1433,000683 CH
1434,600449 CH
1435,002824 CH
1436,300523 CH
1437,600708 CH
1438,300285 CH
1439,300731 CH
1440,002896 CH
1441,300242 CH
1442,300251 CH
1443,002282 CH
1444,000552 CH
1445,601600 CH
1446,002070 CH
1447,300305 CH
1448,000666 CH
1449,601689 CH
1450,300559 CH
1451,600649 CH
1452,000725 CH
1453,600332 CH
1454,002366 CH
1455,600596 CH
1456,002682 CH
1457,300287 CH
1458,600378 CH
1459,601128 CH
1460,300347 CH
1461,600128 CH
1462,600059 CH
1463,600643 CH
1464,600163 CH
1465,300194 CH
1466,300362 CH
1467,300014 CH
1468,002658 CH
1469,002771 CH
1470,000861 CH
1471,000036 CH
1472,600215 CH
1473,000068 CH
1474,600969 CH
1475,002271 CH
1476,600231 CH
1477,600539 CH
1478,603912 CH
1479,002005 CH
1480,000851 CH
1481,000796 CH
1482,002567 CH
1483,000710 CH
1484,600587 CH
1485,600611 CH
1486,000830 CH
1487,603638 CH
1488,601766 CH
1489,600461 CH
1490,300208 CH
1491,002431 CH
1492,000989 CH
1493,603005 CH
1494,300437 CH
1495,600631 CH
1496,300089 CH
1497,002026 CH
1498,002317 CH
1499,300671 CH
1500,603996 CH
1501,002395 CH
1502,600746 CH
1503,000021 CH
1504,300202 CH
1505,300368 CH
1506,002715 CH
1507,300256 CH
1508,002539 CH
1509,603168 CH
1510,002270 CH
1511,300447 CH
1512,000831 CH
1513,000032 CH
1514,300656 CH
1515,300515 CH
1516,002596 CH
1517,600582 CH
1518,002107 CH
1519,002391 CH
1520,600323 CH
1521,002098 CH
1522,002088 CH
1523,600662 CH
1524,002689 CH
1525,002876 CH
1526,603505 CH
1527,000702 CH
1528,002345 CH
1529,600671 CH
1530,603881 CH
1531,002071 CH
1532,300329 CH
1533,300013 CH
1534,300563 CH
1535,300698 CH
1536,600333 CH
1537,300339 CH
1538,002907 CH
1539,002056 CH
1540,600054 CH
1541,000546 CH
1542,000090 CH
1543,300150 CH
1544,600009 CH
1545,002772 CH
1546,300491 CH
1547,603066 CH
1548,002132 CH
1549,603018 CH
1550,002454 CH
1551,000755 CH
1552,002354 CH
1553,603421 CH
1554,002746 CH
1555,600848 CH
1556,300509 CH
1557,600242 CH
1558,600138 CH
1559,600618 CH
1560,002292 CH
1561,603367 CH
1562,002023 CH
1563,000046 CH
1564,600435 CH
1565,002565 CH
1566,002398 CH
1567,600642 CH
1568,002168 CH
1569,300486 CH
1570,002456 CH
1571,300140 CH
1572,600243 CH
1573,000757 CH
1574,002691 CH
1575,600739 CH
1576,002001 CH
1577,002796 CH
1578,002052 CH
1579,002513 CH
1580,603698 CH
1581,002294 CH
1582,601058 CH
1583,601231 CH
1584,000534 CH
1585,000411 CH
1586,600626 CH
1587,600084 CH
1588,600532 CH
1589,600771 CH
1590,000976 CH
1591,300304 CH
1592,002390 CH
1593,000903 CH
1594,600970 CH
1595,002182 CH
1596,000790 CH
1597,603936 CH
1598,600967 CH
1599,300087 CH
1600,600219 CH
1601,300165 CH
1602,603838 CH
1603,002636 CH
1604,002143 CH
1605,002621 CH
1606,600680 CH
1607,603901 CH
1608,300239 CH
1609,600609 CH
1610,300476 CH
1611,600751 CH
1612,601999 CH
1613,600558 CH
1614,300572 CH
1615,600778 CH
1616,002399 CH
1617,300233 CH
1618,000681 CH
1619,601788 CH
1620,603078 CH
1621,002469 CH
1622,601992 CH
1623,002472 CH
1624,300549 CH
1625,002734 CH
1626,600300 CH
1627,300726 CH
1628,600593 CH
1629,600099 CH
1630,600399 CH
1631,002783 CH
1632,002659 CH
1633,002274 CH
1634,300713 CH
1635,603177 CH
1636,002491 CH
1637,600343 CH
1638,600006 CH
1639,000403 CH
1640,300675 CH
1641,002626 CH
1642,300035 CH
1643,000564 CH
1644,600498 CH
1645,600859 CH
1646,002129 CH
1647,002762 CH
1648,600868 CH
1649,300470 CH
1650,002548 CH
1651,002367 CH
1652,000009 CH
1653,600353 CH
1654,600500 CH
1655,600682 CH
1656,300016 CH
1657,300638 CH
1658,000063 CH
1659,002562 CH
1660,601988 CH
1661,002414 CH
1662,300248 CH
1663,600693 CH
1664,300477 CH
1665,002627 CH
1666,603828 CH
1667,300186 CH
1668,603883 CH
1669,000722 CH
1670,603019 CH
1671,601086 CH
1672,300522 CH
1673,002527 CH
1674,300302 CH
1675,600101 CH
1676,300472 CH
1677,600247 CH
1678,002690 CH
1679,002916 CH
1680,600551 CH
1681,002069 CH
1682,300069 CH
1683,600152 CH
1684,600227 CH
1685,000088 CH
1686,600107 CH
1687,300131 CH
1688,600018 CH
1689,603309 CH
1690,603158 CH
1691,002033 CH
1692,603920 CH
1693,600584 CH
1694,600728 CH
1695,002312 CH
1696,002343 CH
1697,000038 CH
1698,600003 CH
1699,300041 CH
1700,603466 CH
1701,600630 CH
1702,002655 CH
1703,600072 CH
1704,603126 CH
1705,002374 CH
1706,300125 CH
1707,000589 CH
1708,300228 CH
1709,300040 CH
1710,600711 CH
1711,601677 CH
1712,600269 CH
1713,603000 CH
1714,603708 CH
1715,002167 CH
1716,000949 CH
1717,002590 CH
1718,603298 CH
1719,002905 CH
1720,300292 CH
1721,002459 CH
1722,300261 CH
1723,300221 CH
1724,603319 CH
1725,600469 CH
1726,600668 CH
1727,000751 CH
1728,300555 CH
1729,600113 CH
1730,603456 CH
1731,600483 CH
1732,000576 CH
1733,600357 CH
1734,600724 CH
1735,002570 CH
1736,600814 CH
1737,002350 CH
1738,600238 CH
1739,603609 CH
1740,600272 CH
1741,300263 CH
1742,600313 CH
1743,603833 CH
1744,002828 CH
1745,600392 CH
1746,002357 CH
1747,002736 CH
1748,600869 CH
1749,002609 CH
1750,300480 CH
1751,002479 CH
1752,600085 CH
1753,002477 CH
1754,000498 CH
1755,002895 CH
1756,300495 CH
1757,300672 CH
1758,300023 CH
1759,603738 CH
1760,000717 CH
1761,600037 CH
1762,603399 CH
1763,000622 CH
1764,600776 CH
1765,002135 CH
1766,600200 CH
1767,600661 CH
1768,603806 CH
1769,603268 CH
1770,300505 CH
1771,300229 CH
1772,600726 CH
1773,002221 CH
1774,002578 CH
1775,601968 CH
1776,600850 CH
1777,000603 CH
1778,000069 CH
1779,002656 CH
1780,600557 CH
1781,002556 CH
1782,002489 CH
1783,300520 CH
1784,600281 CH
1785,002337 CH
1786,600298 CH
1787,300052 CH
1788,603313 CH
1789,300561 CH
1790,002444 CH
1791,002425 CH
1792,600033 CH
1793,300246 CH
1794,600997 CH
1795,600345 CH
1796,002649 CH
1797,300430 CH
1798,603990 CH
1799,000582 CH
1800,600322 CH
1801,300366 CH
1802,600638 CH
1803,600594 CH
1804,300046 CH
1805,601166 CH
1806,300511 CH
1807,002897 CH
1808,300452 CH
1809,002013 CH
1810,000965 CH
1811,300124 CH
1812,600548 CH
1813,300604 CH
1814,002740 CH
1815,601088 CH
1816,002116 CH
1817,300037 CH
1818,300408 CH
1819,002115 CH
1820,000721 CH
1821,600733 CH
1822,600723 CH
1823,603299 CH
1824,300485 CH
1825,600540 CH
1826,300325 CH
1827,002785 CH
1828,600370 CH
1829,002751 CH
1830,601019 CH
1831,002452 CH
1832,601268 CH
1833,603199 CH
1834,600827 CH
1835,002219 CH
1836,002436 CH
1837,002517 CH
1838,002475 CH
1839,601021 CH
1840,300538 CH
1841,000540 CH
1842,300348 CH
1843,300185 CH
1844,000713 CH
1845,300059 CH
1846,300168 CH
1847,002174 CH
1848,002541 CH
1849,300429 CH
1850,002821 CH
1851,600713 CH
1852,300484 CH
1853,600168 CH
1854,300134 CH
1855,300677 CH
1856,600026 CH
1857,000527 CH
1858,601012 CH
1859,600270 CH
1860,600255 CH
1861,603843 CH
1862,002457 CH
1863,000012 CH
1864,000522 CH
1865,600410 CH
1866,600839 CH
1867,600716 CH
1868,002663 CH
1869,600888 CH
1870,000006 CH
1871,002170 CH
1872,002332 CH
1873,300527 CH
1874,603111 CH
1875,600703 CH
1876,300487 CH
1877,600933 CH
1878,601369 CH
1879,300078 CH
1880,000823 CH
1881,600588 CH
1882,002078 CH
1883,000638 CH
1884,600189 CH
1885,002304 CH
1886,002430 CH
1887,300268 CH
1888,002440 CH
1889,000610 CH
1890,000737 CH
1891,002448 CH
1892,002478 CH
1893,300220 CH
1894,000035 CH
1895,000899 CH
1896,300187 CH
1897,600315 CH
1898,000789 CH
1899,000578 CH
1900,601996 CH
1901,300260 CH
1902,000430 CH
1903,600185 CH
1904,002531 CH
1905,002577 CH
1906,603598 CH
1907,600005 CH
1908,600667 CH
1909,002884 CH
1910,300039 CH
1911,002225 CH
1912,600088 CH
1913,603678 CH
1914,600678 CH
1915,300338 CH
1916,000669 CH
1917,600135 CH
1918,300151 CH
1919,603365 CH
1920,601899 CH
1921,600175 CH
1922,300053 CH
1923,300278 CH
1924,600192 CH
1925,000735 CH
1926,603128 CH
1927,600585 CH
1928,600139 CH
1929,000605 CH
1930,603007 CH
1931,000593 CH
1932,002724 CH
1933,600389 CH
1934,000969 CH
1935,600305 CH
1936,600846 CH
1937,600871 CH
1938,603726 CH
1939,002703 CH
1940,600167 CH
1941,300341 CH
1942,000034 CH
1943,600684 CH
1944,300402 CH
1945,002504 CH
1946,600280 CH
1947,600234 CH
1948,600475 CH
1949,300086 CH
1950,601233 CH
1951,601965 CH
1952,603717 CH
1953,601858 CH
1954,600048 CH
1955,002048 CH
1956,300415 CH
1957,002561 CH
1958,603101 CH
1959,600673 CH
1960,002611 CH
1961,000523 CH
1962,600376 CH
1963,600688 CH
1964,600288 CH
1965,600824 CH
1966,603900 CH
1967,600963 CH
1968,000952 CH
1969,300192 CH
1970,600019 CH
1971,002738 CH
1972,002419 CH
1973,600100 CH
1974,000629 CH
1975,300690 CH
1976,300032 CH
1977,300629 CH
1978,600538 CH
1979,300210 CH
1980,600386 CH
1981,600884 CH
1982,300106 CH
1983,002308 CH
1984,600822 CH
1985,002493 CH
1986,600519 CH
1987,300258 CH
1988,002536 CH
1989,601069 CH
1990,601010 CH
1991,600339 CH
1992,000532 CH
1993,601218 CH
1994,000504 CH
1995,601038 CH
1996,300681 CH
1997,300117 CH
1998,300222 CH
1999,300321 CH
2000,600537 CH
2001,600525 CH
2002,300050 CH
2003,603779 CH
2004,600095 CH
2005,600741 CH
2006,601991 CH
2007,300354 CH
2008,600273 CH
2009,600202 CH
2010,600740 CH
2011,300392 CH
2012,300226 CH
2013,300382 CH
2014,300575 CH
2015,600480 CH
2016,600259 CH
2017,002262 CH
2018,603958 CH
2019,002537 CH
2020,002913 CH
2021,300381 CH
2022,300162 CH
2023,002602 CH
2024,300553 CH
2025,603100 CH
2026,000065 CH
2027,300070 CH
2028,000520 CH
2029,000915 CH
2030,000155 CH
2031,002077 CH
2032,601611 CH
2033,002781 CH
2034,600975 CH
2035,000875 CH
2036,600598 CH
2037,002370 CH
2038,000651 CH
2039,600106 CH
2040,300145 CH
2041,300443 CH
2042,000024 CH
2043,600779 CH
2044,000753 CH
2045,300204 CH
2046,603993 CH
2047,300353 CH
2048,002268 CH
2049,000960 CH
2050,300003 CH
2051,002006 CH
2052,603321 CH
2053,002516 CH
2054,600117 CH
2055,000935 CH
2056,300148 CH
2057,300296 CH
2058,601375 CH
2059,300371 CH
2060,603033 CH
2061,002651 CH
2062,002018 CH
2063,300432 CH
2064,600639 CH
2065,002214 CH
2066,000672 CH
2067,600640 CH
2068,000791 CH
2069,600488 CH
2070,601377 CH
2071,603776 CH
2072,300359 CH
2073,603856 CH
2074,601952 CH
2075,002465 CH
2076,600973 CH
2077,300284 CH
2078,002347 CH
2079,601727 CH
2080,600515 CH
2081,300111 CH
2082,002693 CH
2083,300700 CH
2084,300558 CH
2085,300332 CH
2086,300158 CH
2087,600501 CH
2088,603628 CH
2089,600466 CH
2090,300666 CH
2091,600877 CH
2092,600303 CH
2093,600853 CH
2094,600735 CH
2095,300281 CH
2096,600432 CH
2097,002586 CH
2098,300017 CH
2099,600408 CH
2100,300118 CH
2101,600143 CH
2102,000538 CH
2103,002261 CH
2104,603866 CH
2105,002547 CH
2106,002686 CH
2107,300011 CH
2108,600971 CH
2109,300398 CH
2110,600960 CH
2111,600509 CH
2112,603896 CH
2113,600674 CH
2114,600535 CH
2115,600291 CH
2116,600976 CH
2117,300394 CH
2118,300147 CH
2119,600747 CH
2120,600654 CH
2121,601009 CH
2122,603588 CH
2123,603612 CH
2124,300489 CH
2125,002099 CH
2126,600463 CH
2127,002684 CH
2128,603716 CH
2129,002059 CH
2130,002507 CH
2131,002464 CH
2132,300272 CH
2133,000953 CH
2134,002193 CH
2135,002276 CH
2136,002253 CH
2137,600268 CH
2138,600193 CH
2139,000686 CH
2140,000939 CH
2141,002466 CH
2142,600712 CH
2143,600173 CH
2144,002618 CH
2145,000594 CH
2146,300243 CH
2147,601599 CH
2148,600836 CH
2149,000809 CH
2150,000528 CH
2151,600329 CH
2152,002846 CH
2153,603658 CH
2154,603727 CH
2155,002227 CH
2156,603103 CH
2157,000159 CH
2158,601336 CH
2159,002130 CH
2160,300006 CH
2161,002427 CH
2162,002797 CH
2163,600800 CH
2164,002906 CH
2165,603157 CH
2166,002760 CH
2167,000996 CH
2168,000768 CH
2169,600648 CH
2170,000766 CH
2171,300211 CH
2172,603585 CH
2173,603337 CH
2174,002382 CH
2175,002842 CH
2176,600856 CH
2177,600880 CH
2178,002114 CH
2179,300200 CH
2180,002131 CH
2181,601199 CH
2182,300209 CH
2183,002297 CH
2184,002306 CH
2185,300054 CH
2186,601928 CH
2187,000999 CH
2188,300275 CH
2189,600505 CH
2190,002342 CH
2191,002117 CH
2192,002550 CH
2193,300355 CH
2194,600699 CH
2195,600749 CH
2196,600132 CH
2197,600093 CH
2198,002819 CH
2199,601368 CH
2200,000151 CH
2201,002603 CH
2202,601226 CH
2203,000803 CH
2204,002239 CH
2205,002625 CH
2206,600216 CH
2207,603997 CH
2208,300411 CH
2209,002685 CH
2210,603699 CH
2211,002323 CH
2212,002095 CH
2213,300091 CH
2214,300074 CH
2215,002355 CH
2216,002901 CH
2217,002057 CH
2218,603517 CH
2219,000559 CH
2220,601877 CH
2221,002468 CH
2222,300444 CH
2223,000958 CH
2224,600455 CH
2225,600422 CH
2226,000636 CH
2227,000560 CH
2228,002272 CH
2229,600481 CH
2230,000876 CH
2231,300036 CH
2232,000720 CH
2233,000825 CH
2234,002526 CH
2235,300266 CH
2236,300241 CH
2237,600426 CH
2238,300676 CH
2239,000680 CH
2240,600685 CH
2241,002560 CH
2242,600819 CH
2243,600336 CH
2244,002352 CH
2245,600460 CH
2246,300683 CH
2247,600512 CH
2248,000932 CH
2249,002812 CH
2250,600823 CH
2251,600276 CH
2252,600608 CH
2253,601608 CH
2254,600010 CH
2255,002235 CH
2256,002747 CH
2257,300088 CH
2258,300096 CH
2259,601015 CH
2260,603117 CH
2261,300218 CH
2262,002286 CH
2263,002087 CH
2264,002090 CH
2265,000524 CH
2266,002637 CH
2267,601200 CH
2268,002695 CH
2269,600982 CH
2270,002009 CH
2271,000027 CH
2272,002641 CH
2273,000595 CH
2274,300512 CH
2275,300390 CH
2276,002688 CH
2277,603011 CH
2278,300068 CH
2279,601918 CH
2280,300373 CH
2281,300569 CH
2282,002082 CH
2283,002908 CH
2284,300254 CH
2285,300010 CH
2286,002553 CH
2287,002402 CH
2288,000571 CH
2289,600162 CH
2290,002363 CH
2291,300182 CH
2292,002889 CH
2293,001696 CH
2294,601398 CH
2295,601169 CH
2296,600844 CH
2297,600158 CH
2298,603306 CH
2299,002408 CH
2300,600058 CH
2301,600416 CH
2302,300129 CH
2303,002389 CH
2304,002184 CH
2305,002109 CH
2306,300289 CH
2307,603308 CH
2308,600710 CH
2309,000728 CH
2310,002497 CH
2311,603015 CH
2312,002769 CH
2313,600068 CH
2314,601669 CH
2315,601011 CH
2316,002341 CH
2317,000807 CH
2318,600603 CH
2319,300597 CH
2320,300400 CH
2321,000887 CH
2322,000420 CH
2323,603010 CH
2324,600698 CH
2325,600569 CH
2326,300109 CH
2327,002534 CH
2328,002310 CH
2329,002066 CH
2330,002538 CH
2331,600278 CH
2332,002426 CH
2333,002089 CH
2334,002259 CH
2335,000018 CH
2336,600694 CH
2337,002185 CH
2338,002778 CH
2339,600883 CH
2340,002803 CH
2341,600837 CH
2342,000541 CH
2343,002065 CH
2344,002264 CH
2345,300127 CH
2346,600069 CH
2347,000157 CH
2348,002041 CH
2349,300383 CH
2350,000812 CH
2351,600737 CH
2352,603183 CH
2353,300699 CH
2354,002910 CH
2355,603355 CH
2356,300384 CH
2357,600295 CH
2358,000426 CH
2359,000920 CH
2360,600373 CH
2361,300062 CH
2362,600210 CH
2363,002149 CH
2364,600083 CH
2365,002127 CH
2366,300539 CH
2367,600020 CH
2368,002333 CH
2369,300269 CH
2370,600482 CH
2371,002717 CH
2372,601020 CH
2373,300508 CH
2374,002782 CH
2375,600485 CH
2376,002111 CH
2377,603197 CH
2378,002311 CH
2379,300188 CH
2380,300116 CH
2381,601888 CH
2382,603718 CH
2383,300021 CH
2384,300179 CH
2385,600114 CH
2386,300501 CH
2387,000655 CH
2388,002533 CH
2389,601789 CH
2390,300424 CH
2391,600022 CH
2392,000049 CH
2393,600262 CH
2394,603113 CH
2395,000929 CH
2396,601628 CH
2397,000590 CH
2398,300071 CH
2399,600050 CH
2400,600510 CH
2401,603300 CH
2402,300630 CH
2403,600312 CH
2404,600209 CH
2405,000780 CH
2406,600257 CH
2407,603003 CH
2408,603055 CH
2409,002172 CH
2410,002094 CH
2411,000011 CH
2412,600249 CH
2413,002007 CH
2414,000877 CH
2415,000525 CH
2416,002242 CH
2417,002039 CH
2418,600775 CH
2419,002177 CH
2420,603861 CH
2421,601880 CH
2422,002386 CH
2423,603488 CH
2424,300695 CH
2425,002474 CH
2426,300065 CH
2427,600275 CH
2428,600425 CH
2429,300467 CH
2430,603318 CH
2431,002171 CH
2432,002273 CH
2433,601126 CH
2434,600102 CH
2435,000828 CH
2436,300227 CH
2437,300119 CH
2438,600742 CH
2439,600858 CH
2440,600178 CH
2441,002597 CH
2442,600586 CH
2443,000670 CH
2444,000677 CH
2445,601607 CH
2446,300082 CH
2447,600689 CH
2448,002136 CH
2449,000839 CH
2450,002164 CH
2451,300244 CH
2452,002815 CH
2453,002104 CH
2454,000850 CH
2455,600707 CH
2456,000066 CH
2457,300083 CH
2458,002021 CH
2459,002327 CH
2460,002629 CH
2461,600089 CH
2462,600665 CH
2463,601949 CH
2464,600546 CH
2465,300265 CH
2466,600984 CH
2467,002750 CH
2468,601002 CH
2469,002579 CH
2470,300323 CH
2471,600367 CH
2472,600266 CH
2473,002318 CH
2474,603602 CH
2475,002152 CH
2476,600979 CH
2477,000993 CH
2478,300455 CH
2479,002246 CH
2480,000548 CH
2481,002839 CH
2482,603227 CH
2483,002160 CH
2484,601901 CH
2485,300376 CH
2486,002696 CH
2487,300388 CH
2488,603818 CH
2489,300478 CH
2490,002566 CH
2491,002574 CH
2492,600704 CH
2493,601636 CH
2494,002379 CH
2495,002424 CH
2496,002234 CH
2497,601113 CH
2498,601872 CH
2499,000906 CH
2500,600695 CH
2501,603885 CH
2502,600854 CH
2503,300214 CH
2504,600153 CH
2505,000562 CH
2506,600207 CH
2507,600051 CH
2508,000609 CH
2509,002499 CH
2510,600098 CH
2511,002675 CH
2512,002542 CH
2513,600815 CH
2514,002748 CH
2515,000503 CH
2516,002662 CH
2517,002486 CH
2518,603085 CH
2519,002378 CH
2520,300102 CH
2521,600597 CH
2522,300042 CH
2523,000687 CH
2524,600321 CH
2525,600841 CH
2526,002212 CH
2527,300661 CH
2528,603648 CH
2529,002249 CH
2530,300436 CH
2531,601158 CH
2532,002016 CH
2533,000632 CH
2534,600743 CH
2535,002735 CH
2536,002615 CH
2537,000050 CH
2538,002421 CH
2539,601107 CH
2540,600201 CH
2541,600497 CH
2542,300418 CH
2543,300160 CH
2544,300128 CH
2545,002768 CH
2546,000779 CH
2547,600690 CH
2548,603028 CH
2549,600418 CH
2550,002647 CH
2551,603106 CH
2552,600794 CH
2553,002438 CH
2554,603500 CH
2555,603081 CH
2556,600390 CH
2557,002502 CH
2558,600184 CH
2559,002471 CH
2560,603328 CH
2561,600651 CH
2562,600122 CH
2563,600179 CH
2564,600881 CH
2565,300063 CH
2566,300502 CH
2567,603978 CH
2568,300507 CH
2569,002826 CH
2570,600366 CH
2571,600038 CH
2572,600284 CH
2573,002645 CH
2574,002086 CH
2575,002315 CH
2576,000897 CH
2577,600962 CH
2578,300141 CH
2579,300498 CH
2580,002263 CH
2581,002346 CH
2582,000961 CH
2583,600354 CH
2584,603826 CH
2585,300459 CH
2586,603083 CH
2587,000592 CH
2588,300350 CH
2589,300237 CH
2590,002727 CH
2591,002544 CH
2592,300225 CH
2593,000058 CH
2594,600834 CH
2595,600277 CH
2596,603507 CH
2597,600011 CH
2598,300427 CH
2599,601518 CH
2600,002248 CH
2601,000703 CH
2602,603029 CH
2603,300245 CH
2604,000586 CH
2605,002231 CH
2606,603501 CH
2607,300380 CH
2608,300090 CH
2609,600807 CH
2610,300139 CH
2611,600517 CH
2612,600157 CH
2613,300360 CH
2614,002061 CH
2615,600365 CH
2616,000936 CH
2617,002668 CH
2618,600028 CH
2619,601878 CH
2620,603167 CH
2621,603188 CH
2622,002758 CH
2623,300490 CH
2624,002820 CH
2625,603222 CH
2626,002245 CH
2627,300027 CH
2628,002241 CH
2629,000975 CH
2630,600679 CH
2631,002545 CH
2632,603611 CH
2633,002179 CH
2634,300249 CH
2635,600159 CH
2636,600502 CH
2637,603809 CH
2638,300055 CH
2639,000987 CH
2640,300413 CH
2641,000962 CH
2642,300445 CH
2643,000530 CH
2644,600126 CH
2645,002014 CH
2646,601588 CH
2647,000661 CH
2648,601208 CH
2649,600614 CH
2650,600697 CH
2651,300034 CH
2652,000570 CH
2653,600409 CH
2654,002356 CH
2655,600784 CH
2656,002201 CH
2657,000100 CH
2658,300132 CH
2659,603228 CH
2660,600350 CH
2661,603363 CH
2662,603933 CH
2663,002830 CH
2664,601333 CH
2665,002198 CH
2666,000600 CH
2667,600198 CH
2668,601616 CH
2669,300156 CH
2670,000926 CH
2671,300303 CH
2672,601228 CH
2673,002706 CH
2674,600008 CH
2675,000868 CH
2676,300061 CH
2677,002494 CH
2678,002461 CH
2679,603603 CH
2680,600363 CH
2681,300406 CH
2682,601500 CH
2683,603398 CH
2684,000554 CH
2685,002829 CH
2686,002801 CH
2687,002101 CH
2688,002313 CH
2689,600165 CH
2690,300219 CH
2691,000970 CH
2692,600860 CH
2693,002375 CH
2694,603218 CH
2695,603938 CH
2696,600666 CH
2697,000543 CH
2698,002067 CH
2699,600383 CH
2700,600493 CH
2701,002360 CH
2702,601388 CH
2703,300135 CH
2704,000062 CH
2705,600338 CH
2706,300334 CH
2707,603098 CH
2708,603987 CH
2709,600012 CH
2710,600496 CH
2711,002187 CH
2712,600393 CH
2713,000701 CH
2714,002678 CH
2715,600398 CH
2716,002467 CH
2717,603969 CH
2718,600870 CH
2719,002403 CH
2720,603258 CH
2721,601108 CH
2722,002206 CH
2723,600260 CH
2724,000676 CH
2725,300706 CH
2726,600246 CH
2727,002092 CH
2728,002203 CH
2729,000712 CH
2730,601558 CH
2731,300393 CH
2732,002563 CH
2733,603980 CH
2734,600876 CH
2735,300409 CH
2736,600657 CH
2737,300020 CH
2738,600980 CH
2739,300294 CH
2740,600781 CH
2741,600087 CH
2742,600917 CH
2743,600702 CH
2744,603021 CH
2745,000729 CH
2746,300123 CH
2747,603002 CH
2748,002195 CH
2749,000913 CH
2750,002416 CH
2751,300616 CH
2752,002588 CH
2753,600283 CH
2754,002365 CH
2755,000415 CH
2756,300364 CH
2757,603939 CH
2758,600104 CH
2759,600452 CH
2760,002008 CH
2761,600029 CH
2762,300079 CH
2763,600171 CH
2764,600094 CH
2765,300482 CH
2766,002388 CH
2767,002420 CH
2768,000022 CH
2769,002702 CH
2770,002349 CH
2771,002157 CH
2772,600828 CH
2773,000025 CH
2774,000759 CH
2775,603757 CH
2776,002490 CH
2777,000750 CH
2778,000017 CH
2779,600120 CH
2780,002237 CH
2781,300567 CH
2782,300136 CH
2783,000408 CH
2784,300159 CH
2785,300298 CH
2786,000623 CH
2787,601811 CH
2788,300019 CH
2789,000688 CH
2790,000673 CH
2791,300206 CH
2792,002612 CH
2793,603798 CH
2794,000028 CH
2795,300190 CH
2796,603789 CH
2797,300236 CH
2798,600810 CH
2799,300423 CH
2800,002674 CH
2801,603730 CH
2802,000533 CH
2803,600835 CH
2804,300603 CH
2805,000921 CH
2806,002325 CH
2807,002146 CH
2808,002110 CH
2809,000778 CH
2810,600110 CH
2811,600652 CH
2812,600926 CH
2813,002324 CH
2814,600015 CH
2815,600218 CH
2816,300702 CH
2817,300691 CH
2818,300137 CH
2819,300172 CH
2820,002739 CH
2821,300120 CH
2822,603090 CH
2823,600208 CH
2824,002032 CH
2825,002442 CH
2826,002723 CH
2827,002222 CH
2828,600397 CH
2829,002093 CH
2830,601188 CH
2831,002126 CH
2832,600073 CH
2833,000800 CH
2834,002917 CH
2835,000617 CH
2836,002405 CH
2837,002298 CH
2838,300038 CH
2839,002404 CH
2840,000510 CH
2841,000736 CH
2842,600748 CH
2843,300121 CH
2844,002288 CH
2845,000514 CH
2846,002900 CH
2847,600798 CH
2848,603377 CH
2849,603022 CH
2850,000039 CH
2851,000509 CH
2852,300450 CH
2853,600774 CH
2854,600620 CH
2855,300552 CH
2856,002532 CH
2857,300560 CH
2858,600235 CH
2859,300458 CH
2860,002063 CH
2861,600462 CH
2862,600855 CH
2863,600559 CH
2864,002481 CH
2865,600052 CH
2866,000748 CH
2867,000695 CH
2868,300115 CH
2869,600908 CH
2870,000990 CH
2871,002376 CH
2872,600818 CH
2873,002752 CH
2874,603823 CH
2875,000927 CH
2876,002336 CH
2877,300475 CH
2878,002825 CH
2879,603999 CH
2880,600458 CH
2881,601808 CH
2882,300051 CH
2883,600226 CH
2884,603636 CH
2885,600766 CH
2886,002902 CH
2887,600436 CH
2888,600090 CH
2889,000019 CH
2890,601800 CH
2891,601998 CH
2892,000732 CH
2893,600401 CH
2894,002792 CH
2895,000587 CH
2896,600177 CH
2897,300451 CH
2898,300725 CH
2899,603801 CH
2900,002361 CH
2901,600160 CH
2902,000547 CH
2903,002230 CH
2904,000409 CH
2905,600527 CH
2906,002653 CH
2907,300180 CH
2908,000156 CH
2909,600263 CH
2910,300462 CH
2911,600977 CH
2912,600805 CH
2913,300642 CH
2914,000955 CH
2915,601155 CH
2916,002138 CH
2917,600686 CH
2918,600573 CH
2919,002613 CH
2920,600061 CH
2921,601801 CH
2922,002501 CH
2923,603016 CH
2924,600220 CH
2925,000421 CH
2926,002737 CH
2927,600617 CH
2928,600317 CH
2929,002019 CH
2930,002555 CH
2931,002498 CH
2932,002418 CH
2933,002595 CH
2934,002102 CH
2935,601360 CH
2936,603989 CH
2937,002802 CH
2938,002002 CH
2939,600108 CH
2940,002049 CH
2941,300657 CH
2942,300448 CH
2943,000553 CH
2944,603067 CH
2945,600624 CH
2946,000938 CH
2947,300081 CH
2948,002022 CH
2949,300191 CH
2950,600146 CH
2951,600070 CH
2952,002100 CH
2953,600826 CH
2954,002190 CH
2955,002412 CH
2956,002113 CH
2957,300375 CH
2958,000980 CH
2959,002580 CH
2960,603131 CH
2961,300464 CH
2962,600936 CH
2963,002711 CH
2964,002351 CH
2965,603260 CH
2966,002400 CH
2967,600187 CH
2968,300295 CH
2969,600590 CH
2970,603703 CH
2971,002232 CH
2972,002476 CH
2973,000756 CH
2974,603619 CH
2975,002743 CH
2976,600891 CH
2977,601818 CH
2978,002133 CH
2979,002279 CH
2980,600847 CH
2981,002118 CH
2982,300492 CH
2983,300176 CH
2984,002600 CH
2985,600097 CH
2986,300271 CH
2987,600645 CH
2988,002733 CH
2989,603928 CH
2990,300212 CH
2991,600075 CH
2992,300479 CH
2993,002385 CH
2994,601900 CH
2995,300506 CH
2996,300312 CH
2997,600267 CH
2998,300649 CH
2999,601328 CH
3000,300009 CH
3001,300031 CH
3002,300440 CH
3003,600360 CH
3004,600592 CH
3005,002832 CH
3006,002554 CH
3007,002853 CH
3008,600581 CH
3009,600489 CH
3010,300105 CH
3011,000951 CH
3012,002423 CH
3013,600328 CH
3014,002030 CH
3015,000089 CH
3016,600993 CH
3017,600067 CH
3018,600074 CH
3019,603970 CH
3020,002789 CH
3021,600217 CH
3022,600725 CH
3023,002151 CH
3024,002368 CH
3025,601601 CH
3026,600320 CH
3027,000428 CH
3028,300336 CH
3029,300155 CH
3030,600783 CH
3031,000981 CH
3032,002096 CH
3033,300358 CH
3034,002800 CH
3035,300719 CH
3036,300499 CH
3037,000612 CH
3038,002036 CH
3039,300351 CH
3040,603919 CH
3041,600533 CH
3042,601117 CH
3043,002417 CH
3044,603690 CH
3045,601933 CH
3046,002035 CH
3047,600863 CH
3048,300094 CH
3049,000404 CH
3050,002605 CH
3051,002731 CH
3052,600909 CH
3053,600845 CH
3054,603968 CH
3055,002903 CH
3056,002340 CH
3057,000055 CH
3058,002314 CH
3059,002669 CH
3060,600777 CH
3061,002084 CH
3062,600865 CH
3063,300290 CH
3064,601515 CH
3065,002598 CH
3066,300291 CH
3067,601163 CH
3068,002667 CH
3069,002770 CH
3070,002173 CH
3071,000693 CH
3072,603898 CH
3073,600647 CH
3074,603998 CH
3075,000400 CH
3076,603339 CH
3077,002258 CH
3078,600843 CH
3079,600812 CH
3080,600873 CH
3081,300043 CH
3082,002091 CH
3083,002011 CH
3084,300095 CH
3085,000558 CH
3086,603533 CH
3087,600547 CH
3088,000682 CH
3089,603181 CH
3090,000909 CH
3091,000902 CH
3092,000402 CH
3093,600529 CH
3094,000029 CH
3095,002285 CH
3096,600025 CH
3097,002679 CH
3098,002229 CH
3099,002162 CH
3100,002020 CH
3101,600562 CH
3102,000539 CH
3103,002856 CH
3104,000810 CH
3105,000591 CH
3106,300044 CH
3107,600757 CH
3108,600550 CH
3109,002183 CH
3110,002353 CH
3111,000333 CH
3112,002260 CH
3113,603079 CH
3114,002371 CH
3115,601566 CH
3116,601216 CH
3117,002557 CH
3118,601005 CH
3119,002339 CH
3120,000858 CH
3121,603305 CH
3122,300346 CH
3123,600622 CH
3124,000982 CH
3125,300439 CH
3126,600644 CH
3127,002037 CH
3128,000977 CH
3129,002582 CH
3130,300570 CH
3131,600356 CH
3132,000829 CH
3133,002606 CH
3134,000630 CH
3135,600127 CH
3136,000060 CH
3137,000608 CH
3138,601857 CH
3139,002329 CH
3140,002730 CH
3141,002614 CH
3142,300446 CH
3143,600887 CH
3144,002607 CH
3145,000785 CH
3146,300085 CH
3147,000925 CH
3148,300307 CH
3149,300540 CH
3150,002809 CH
3151,000505 CH
3152,000813 CH
3153,002029 CH
3154,300707 CH
3155,300066 CH
3156,600610 CH
3157,000910 CH
3158,002064 CH
3159,600528 CH
3160,600919 CH
3161,600470 CH
3162,600706 CH
3163,002646 CH
3164,002158 CH
3165,601127 CH
3166,000529 CH
3167,600081 CH
3168,002594 CH
3169,600717 CH
3170,300144 CH
3171,300397 CH
3172,300469 CH
3173,601106 CH
3174,600857 CH
3175,300433 CH
3176,000410 CH
3177,601198 CH
3178,000919 CH
3179,603020 CH
3180,002125 CH
3181,300309 CH
3182,002807 CH
3183,002487 CH
3184,600575 CH
3185,300405 CH
3186,300029 CH
3187,000911 CH
3188,600992 CH
3189,300152 CH
3190,603389 CH
3191,300311 CH
3192,002433 CH
3193,300356 CH
3194,300468 CH
3195,600503 CH
3196,002148 CH
3197,603027 CH
3198,300557 CH
3199,000985 CH
3200,300025 CH
3201,600816 CH
3202,300164 CH
3203,000739 CH
3204,002831 CH
3205,600196 CH
3206,002302 CH
3207,000716 CH
3208,002617 CH
3209,000016 CH
3210,002392 CH
3211,300692 CH
3212,002880 CH
3213,300500 CH
3214,300518 CH
3215,600225 CH
3216,603788 CH
3217,000798 CH
3218,300536 CH
3219,300660 CH
3220,600998 CH
3221,002519 CH
3222,000596 CH
3223,300184 CH
3224,300696 CH
3225,600981 CH
3226,000551 CH
3227,300267 CH
3228,002650 CH
3229,002705 CH
3230,603797 CH
3231,600053 CH
3232,601798 CH
3233,603535 CH
3234,300253 CH
3235,601212 CH
3236,002166 CH
3237,603887 CH
3238,603159 CH
3239,300503 CH
3240,002154 CH
3241,300232 CH
3242,300420 CH
3243,002887 CH
3244,000723 CH
3245,600591 CH
3246,300535 CH
3247,300389 CH
3248,002401 CH
3249,002462 CH
3250,600715 CH
3251,002571 CH
