2007-01-01,0.0
2007-01-02,0.0
2007-01-03,0.0
2007-01-04,0.0
2007-01-05,0.000358168797066907
2007-01-08,6.700733287399251e-05
2007-01-09,-4.53443654696614e-05
2007-01-10,-0.00035567474497275644
2007-01-11,-0.0002945155492368665
2007-01-12,-0.000350127083860192
2007-01-15,-0.000350127083860192
2007-01-16,-5.071579328940268e-06
2007-01-17,0.0003094790200415988
2007-01-18,-0.00041342068351407055
2007-01-19,-2.427100834490712e-05
2007-01-22,-0.00016518632475979648
2007-01-23,-0.0002940087238929718
2007-01-24,-0.0004107225833274899
2007-01-25,-0.0007190513315211855
2007-01-26,-0.0008151358889263329
2007-01-29,-0.0003684054594072894
2007-01-30,0.0007442481975651255
2007-01-31,0.002013907363904905
2007-02-01,0.003651078968275716
2007-02-02,0.0034324848599293113
2007-02-05,0.004801802117392473
2007-02-06,0.005817852305314899
2007-02-07,0.006122397993851206
2007-02-08,0.00771694093559881
2007-02-09,0.0064152341967027475
2007-02-12,0.007348525763200906
2007-02-13,0.0065339970339813435
2007-02-14,0.00784736941599714
2007-02-15,0.009320143628824414
2007-02-16,0.00971432337098345
2007-02-19,0.00971432337098345
2007-02-20,0.013177169971290578
2007-02-21,0.01648105663255311
2007-02-22,0.013982464312643291
2007-02-23,0.017147515822245243
2007-02-26,0.01665814039657797
2007-02-27,0.013962088502088155
2007-02-28,0.016450381297101392
2007-03-01,0.01692245984418197
2007-03-02,0.01511917259174655
2007-03-05,0.015881281856815428
2007-03-06,0.01970596630847618
2007-03-07,0.02110109699122709
2007-03-08,0.024018732858022904
2007-03-09,0.02497676444062394
2007-03-12,0.029029300632349153
2007-03-13,0.02853412833428915
2007-03-14,0.02967696239771858
2007-03-15,0.030726254599460517
2007-03-16,0.03192815004301844
2007-03-19,0.03286430736061697
2007-03-20,0.03284898888241973
2007-03-21,0.03215474989588897
2007-03-22,0.03404722568493719
2007-03-23,0.034770307744774846
2007-03-26,0.03396427715654054
2007-03-27,0.03330544513441281
2007-03-28,0.03366830501695095
2007-03-29,0.033009935552831896
2007-03-30,0.033635923049200656
2007-04-02,0.034724265200217375
2007-04-03,0.03460680948356315
2007-04-04,0.03521459621019187
2007-04-05,0.0347279628984582
2007-04-06,0.0347279628984582
2007-04-09,0.03630193888427774
2007-04-10,0.03501432234639262
2007-04-11,0.03422047746304063
2007-04-12,0.034312788566151005
2007-04-13,0.03431460891157832
2007-04-16,0.03472931753962749
2007-04-17,0.034505907599353715
2007-04-18,0.034285005757813646
2007-04-19,0.034503543695604634
2007-04-20,0.03425626000107974
2007-04-23,0.03619454688428919
2007-04-24,0.03511767439246582
2007-04-25,0.03481613669308753
2007-04-26,0.03616670002706766
2007-04-27,0.03782836842556385
2007-04-30,0.036068641528292214
2007-05-01,0.03943160098071033
2007-05-02,0.03982193082754695
2007-05-03,0.042150606019203694
2007-05-04,0.0436931971509257
2007-05-07,0.045400286915926055
2007-05-08,0.048068896238527815
2007-05-09,0.0513056250243809
2007-05-10,0.052037259271465665
2007-05-11,0.05555486540749901
2007-05-14,0.05674806616207276
2007-05-15,0.057436238455709325
2007-05-16,0.056232502825855644
2007-05-17,0.05751790844094328
2007-05-18,0.05944819697556498
2007-05-21,0.06344266260782912
2007-05-22,0.05964578067040507
2007-05-23,0.056636611853501995
2007-05-24,0.0516288016534709
2007-05-25,0.0581480437674575
2007-05-28,0.0581480437674575
2007-05-29,0.06195503829386274
2007-05-30,0.06523397304855727
2007-05-31,0.06771953079972806
2007-06-01,0.06835812938444452
2007-06-04,0.07060133914721876
2007-06-05,0.07314155635228088
2007-06-06,0.07195435419089397
2007-06-07,0.06907640693566093
2007-06-08,0.0688269086922112
2007-06-11,0.07156453659926443
2007-06-12,0.07251248746774548
2007-06-13,0.07459909369395318
2007-06-14,0.07512323114613143
2007-06-15,0.07622363613822936
2007-06-18,0.07769671404668518
2007-06-19,0.07746625573400541
2007-06-20,0.07685561798887769
2007-06-21,0.07729928945957056
2007-06-22,0.07895082394373976
2007-06-25,0.07853082181199078
2007-06-26,0.07874556847857345
2007-06-27,0.0789336536383535
2007-06-28,0.08017681186247935
2007-06-29,0.08076920052694146
2007-07-02,0.08176460536080386
2007-07-03,0.0821357723917543
2007-07-04,0.0821357723917543
2007-07-05,0.08252662380544469
2007-07-06,0.08296221097175356
2007-07-09,0.0826864289009474
2007-07-10,0.08251392961177832
2007-07-11,0.08239490768834722
2007-07-12,0.08270883951631061
2007-07-13,0.08252296554572452
2007-07-16,0.0820407312054474
2007-07-17,0.0818668590916432
2007-07-18,0.0818999540894582
2007-07-19,0.082266729213901
2007-07-20,0.08296703469901406
2007-07-23,0.08503217052185967
2007-07-24,0.08435138574835316
2007-07-25,0.08504020979380851
2007-07-26,0.08652331797460903
2007-07-27,0.08764905585488467
2007-07-30,0.08989513831199762
2007-07-31,0.08976805498460222
2007-08-01,0.09094244935333567
2007-08-02,0.09901901418966437
2007-08-03,0.10478866444381021
2007-08-06,0.10195335050643929
2007-08-07,0.09881503968137811
2007-08-08,0.08002006322887836
2007-08-09,0.07155148697376912
2007-08-10,0.06946610405568572
2007-08-13,0.07390190766877512
2007-08-14,0.07545007357088833
2007-08-15,0.0735582535354568
2007-08-16,0.07209796336189583
2007-08-17,0.06928502682530396
2007-08-20,0.07337954915475292
2007-08-21,0.07235658978292173
2007-08-22,0.07319727254845045
2007-08-23,0.07075757870045425
2007-08-24,0.07282169076377852
2007-08-27,0.07240215097614078
2007-08-28,0.06973681165892276
2007-08-29,0.07368577969414748
2007-08-30,0.07557987612666052
2007-08-31,0.07763185169331792
2007-09-03,0.07763185169331792
2007-09-04,0.08188047028046923
2007-09-05,0.08504342393106548
2007-09-06,0.08731841507948863
2007-09-07,0.08693503915276588
2007-09-10,0.08701903084541583
2007-09-11,0.08970100395527364
2007-09-12,0.0907068857784352
2007-09-13,0.09111883152304016
2007-09-14,0.0908796181080949
2007-09-17,0.09184229898297262
2007-09-18,0.09237669161365758
2007-09-19,0.09183158344341524
2007-09-20,0.09319394670912337
2007-09-21,0.09276692723499805
2007-09-24,0.09297460947418806
2007-09-25,0.09376831282219222
2007-09-26,0.09423212818324844
2007-09-27,0.09391040115736042
2007-09-28,0.09375270361163969
2007-10-01,0.09337385094933827
2007-10-02,0.09363952787314889
2007-10-03,0.09360176626608094
2007-10-04,0.09432507607587205
2007-10-05,0.09453520078283997
2007-10-08,0.09484109016608505
2007-10-09,0.09499649639350334
2007-10-10,0.09554756211545831
2007-10-11,0.09571478256210124
2007-10-12,0.09662417726915898
2007-10-15,0.09668115737737677
2007-10-16,0.09704909180776128
2007-10-17,0.09757424831579894
2007-10-18,0.0986878388878551
2007-10-19,0.09924588152623498
2007-10-22,0.09978387019910219
2007-10-23,0.10156019762005856
2007-10-24,0.10176044694194383
2007-10-25,0.10407843550834348
2007-10-26,0.10455478131195117
2007-10-29,0.1049533684744417
2007-10-30,0.10438820413379916
2007-10-31,0.10592985365578339
2007-11-01,0.11015036148815723
2007-11-02,0.11437733484327846
2007-11-05,0.11907351364032395
2007-11-06,0.12302109540649854
2007-11-07,0.1322100587471618
2007-11-08,0.12979883219164493
2007-11-09,0.12440584260268941
2007-11-12,0.11624887029609536
2007-11-13,0.1131434190101191
2007-11-14,0.11637692746661031
2007-11-15,0.1176123871208568
2007-11-16,0.11927676181691461
2007-11-19,0.12388478140130155
2007-11-20,0.1264251154866053
2007-11-21,0.12382307376282571
2007-11-22,0.12382307376282571
2007-11-23,0.12179154220143996
2007-11-26,0.126640833809737
2007-11-27,0.12501806201905924
2007-11-28,0.12539504117864145
2007-11-29,0.12775027550175955
2007-11-30,0.12315755413718914
2007-12-03,0.12515953449130074
2007-12-04,0.13101355751274554
2007-12-05,0.13475126974869492
2007-12-06,0.13591233597253288
2007-12-07,0.1342232850601118
2007-12-10,0.13340494220481872
2007-12-11,0.1321300219434068
2007-12-12,0.134029596981073
2007-12-13,0.13674113374993196
2007-12-14,0.13903060819700513
2007-12-17,0.13702597803126895
2007-12-18,0.13725409488547333
2007-12-19,0.13865339164613938
2007-12-20,0.13964054211997315
2007-12-21,0.13934447417298132
2007-12-24,0.13816619155709314
2007-12-25,0.13816619155709314
2007-12-26,0.13815712229230778
2007-12-27,0.13763416726143332
2007-12-28,0.1381932679361436
2007-12-31,0.13783468328327733
2008-01-01,0.13783468328327733
2008-01-02,0.13788233239442366
2008-01-03,0.1374497280681468
2008-01-04,0.13731824662603395
2008-01-07,0.1373880443476086
2008-01-08,0.13789562684141657
2008-01-09,0.1381028947033495
2008-01-10,0.13786293982438616
2008-01-11,0.13774408037897462
2008-01-14,0.1382424856082656
2008-01-15,0.13800835656162092
2008-01-16,0.13749677797215076
2008-01-17,0.13702710852537425
2008-01-18,0.13675305867008625
2008-01-21,0.13675305867008625
2008-01-22,0.13529070015088376
2008-01-23,0.1334096591763826
2008-01-24,0.1329092046990242
2008-01-25,0.1329252003244063
2008-01-28,0.1328551555569114
2008-01-29,0.1326931517314901
2008-01-30,0.13325591851914026
2008-01-31,0.1347687332767869
2008-02-01,0.13372646527688467
2008-02-04,0.13305939452713494
2008-02-05,0.13248001646523797
2008-02-06,0.13270928130079424
2008-02-07,0.1325334187517128
2008-02-08,0.13337027768165588
2008-02-11,0.13514161560887086
2008-02-12,0.13256697972469544
2008-02-13,0.1334460390990462
2008-02-14,0.13274389518515023
2008-02-15,0.13160357938671496
2008-02-18,0.13160357938671496
2008-02-19,0.13195510535543695
2008-02-20,0.13268160584632258
2008-02-21,0.1334281703533235
2008-02-22,0.13404145686148816
2008-02-25,0.13616981198009756
2008-02-26,0.13635951462638538
2008-02-27,0.1363517605511128
2008-02-28,0.13767244330933906
2008-02-29,0.13851569416688164
2008-03-03,0.13782344580701086
2008-03-04,0.13763307565397717
2008-03-05,0.13790896445617884
2008-03-06,0.13769916054580383
2008-03-07,0.13766307158468746
2008-03-10,0.13774281772898384
2008-03-11,0.13741044085946105
2008-03-12,0.13989708216767033
2008-03-13,0.1422612685188784
2008-03-14,0.14275319647690266
2008-03-17,0.14216117988897664
2008-03-18,0.141107633461813
2008-03-19,0.1403795233985511
2008-03-20,0.13856662942239265
2008-03-21,0.13856662942239265
2008-03-24,0.13966856530154442
2008-03-25,0.14120485930785087
2008-03-26,0.1427441858968056
2008-03-27,0.14222961589639835
2008-03-28,0.14162898530144888
2008-03-31,0.1408350757112353
2008-04-01,0.14101015901293992
2008-04-02,0.14171267569603394
2008-04-03,0.14196228775065092
2008-04-04,0.1424612476488287
2008-04-07,0.14252141950056427
2008-04-08,0.14263174674717388
2008-04-09,0.1417650662350196
2008-04-10,0.1419035366061239
2008-04-11,0.1421170505811854
2008-04-14,0.142836799041306
2008-04-15,0.14318793791643647
2008-04-16,0.14369681589435573
2008-04-17,0.14364640474692467
2008-04-18,0.144008609658588
2008-04-21,0.1450530615554891
2008-04-22,0.1452744523901117
2008-04-23,0.14455766367545148
2008-04-24,0.1442052528489749
2008-04-25,0.14450867545911744
2008-04-28,0.1452462524900333
2008-04-29,0.14441469536771223
2008-04-30,0.14522214323860905
2008-05-01,0.14425198596579938
2008-05-02,0.14368464778151285
2008-05-05,0.1482621093255656
2008-05-06,0.1498436959863119
2008-05-07,0.15274438309190283
2008-05-08,0.15520593927812448
2008-05-09,0.155515402221165
2008-05-12,0.15457452684103468
2008-05-13,0.15725461295493723
2008-05-14,0.15604547233577132
2008-05-15,0.15738801519805376
2008-05-16,0.16058610216178631
2008-05-19,0.1597129125992499
2008-05-20,0.16440781827066533
2008-05-21,0.16430402203088865
2008-05-22,0.16278703029527608
2008-05-23,0.16320029173313677
2008-05-26,0.16320029173313677
2008-05-27,0.16201065579573098
2008-05-28,0.16638783056963347
2008-05-29,0.16130472460916837
2008-05-30,0.1666879733189686
2008-06-02,0.17293375295770194
2008-06-03,0.1736242204374674
2008-06-04,0.17112324281012423
2008-06-05,0.17470256576137214
2008-06-06,0.17838354100921458
2008-06-09,0.18412211053462121
2008-06-10,0.18044101959390077
2008-06-11,0.18509817048812732
2008-06-12,0.1828914692320169
2008-06-13,0.183659326480831
2008-06-16,0.18693893796538508
2008-06-17,0.19204717928826634
2008-06-18,0.19302688771454024
2008-06-19,0.19739309128820076
2008-06-20,0.19735948992003804
2008-06-23,0.19788677887961176
2008-06-24,0.19762812967097715
2008-06-25,0.19798192127454514
2008-06-26,0.19740080136779042
2008-06-27,0.1975696442556345
2008-06-30,0.19786888189904966
2008-07-01,0.19807034799358236
2008-07-02,0.19769719130351382
2008-07-03,0.19761457419144013
2008-07-04,0.19761457419144013
2008-07-07,0.19841340150886905
2008-07-08,0.1979991434857672
2008-07-09,0.19795977354804964
2008-07-10,0.19730688576605782
2008-07-11,0.19721081866926218
2008-07-14,0.1981959699742883
2008-07-15,0.19821725075637764
2008-07-16,0.1972311111744266
2008-07-17,0.1967887727184855
2008-07-18,0.19720606879724345
2008-07-21,0.19682760315166314
2008-07-22,0.19789060430962133
2008-07-23,0.19721726368845857
2008-07-24,0.19707795637029696
2008-07-25,0.1961788761446695
2008-07-28,0.19795647175738812
2008-07-29,0.20101683093097975
2008-07-30,0.20128832774433736
2008-07-31,0.2015565806267411
2008-08-01,0.20416586374481716
2008-08-04,0.20518610964991002
2008-08-05,0.20293276521059772
2008-08-06,0.20067169979128352
2008-08-07,0.20042567255144028
2008-08-08,0.2007957787726555
2008-08-11,0.20033484935916965
2008-08-12,0.19823627121881193
2008-08-13,0.19968298673503915
2008-08-14,0.20077634286941387
2008-08-15,0.20117182162405484
2008-08-18,0.20139090661438064
2008-08-19,0.20118060289126521
2008-08-20,0.20140842496768793
2008-08-21,0.19962397498377454
2008-08-22,0.20046248548058784
2008-08-25,0.20210356543609453
2008-08-26,0.20064585146240074
2008-08-27,0.2004258706191257
2008-08-28,0.19999927127310946
2008-08-29,0.2018683204138288
2008-09-01,0.2018683204138288
2008-09-02,0.20398171955891545
2008-09-03,0.20614413796310635
2008-09-04,0.20503131377289174
2008-09-05,0.2037253625656094
2008-09-08,0.203775889016121
2008-09-09,0.20527690806941234
2008-09-10,0.20486671303570012
2008-09-11,0.20311288647838902
2008-09-12,0.20287616296297944
2008-09-15,0.2057510017191963
2008-09-16,0.20768705655222688
2008-09-17,0.20764271954417676
2008-09-18,0.2049006537657992
2008-09-19,0.2067067607144212
2008-09-22,0.20610326332987833
2008-09-23,0.20682242418759222
2008-09-24,0.206944438237012
2008-09-25,0.20698608273628297
2008-09-26,0.20710933201020879
2008-09-29,0.20751101455510804
2008-09-30,0.20713955470327552
2008-10-01,0.20746988149588014
2008-10-02,0.2067963563439886
2008-10-03,0.20651960774131395
2008-10-06,0.20673668766260297
2008-10-07,0.20683807738136945
2008-10-08,0.2067326588094064
2008-10-09,0.2059366421878876
2008-10-10,0.20661463994355012
2008-10-13,0.20687451562269576
2008-10-14,0.20699698256492272
2008-10-15,0.206727197447665
2008-10-16,0.20687719327618642
2008-10-17,0.20689880991103055
2008-10-20,0.20659835550407724
2008-10-21,0.20690419117620967
2008-10-22,0.20717057606927736
2008-10-23,0.20691238473084966
2008-10-24,0.2068249272266187
2008-10-27,0.20720483211214238
2008-10-28,0.20650855368506016
2008-10-29,0.20672830544873458
2008-10-30,0.2062197925069475
2008-10-31,0.2070592440700495
2008-11-03,0.20704578457766146
2008-11-04,0.20574098268700533
2008-11-05,0.20568123544583577
2008-11-06,0.20724376027624059
2008-11-07,0.20696697993594626
2008-11-10,0.20810725677385994
2008-11-11,0.20884097009448116
2008-11-12,0.20907847164801788
2008-11-13,0.20871612955453675
2008-11-14,0.20805405015713954
2008-11-17,0.20954438094865457
2008-11-18,0.20889135051970537
2008-11-19,0.20917969799825997
2008-11-20,0.20977673489100843
2008-11-21,0.20838460695002362
2008-11-24,0.2094966461833464
2008-11-25,0.21076934795048746
2008-11-26,0.21106886511569858
2008-11-27,0.21106886511569858
2008-11-28,0.2113093942310505
2008-12-01,0.21123331652267072
2008-12-02,0.2111724772307808
2008-12-03,0.2112235855582034
2008-12-04,0.21096709646890952
2008-12-05,0.21049406977021168
2008-12-08,0.2111155239509398
2008-12-09,0.21096835717652482
2008-12-10,0.2111115117490773
2008-12-11,0.21136386104232857
2008-12-12,0.21143990902517873
2008-12-15,0.2113996144867355
2008-12-16,0.21121589226333495
2008-12-17,0.211765245726744
2008-12-18,0.21199226544959296
2008-12-19,0.21226613860799276
2008-12-22,0.2125847949711618
2008-12-23,0.21257589274230201
2008-12-24,0.21228958177688084
2008-12-25,0.21228958177688084
2008-12-26,0.21240258796587208
2008-12-29,0.21229340374609107
2008-12-30,0.21227070183981928
2008-12-31,0.2122671478220743
2009-01-01,0.2122671478220743
2009-01-02,0.2123190437692731
2009-01-05,0.21235041882839908
2009-01-06,0.2125369947138839
2009-01-07,0.2124803185566004
2009-01-08,0.21238952177037224
2009-01-09,0.21254825669013
2009-01-12,0.21287249916884837
2009-01-13,0.21256373492639927
2009-01-14,0.21263555604109552
2009-01-15,0.21306455113771675
2009-01-16,0.2131336601941153
2009-01-19,0.2131336601941153
2009-01-20,0.21373490701936806
2009-01-21,0.21265656772894986
2009-01-22,0.2123569154676147
2009-01-23,0.21269091321575445
2009-01-26,0.21304644390059707
2009-01-27,0.21289364241876133
2009-01-28,0.21131728190331914
2009-01-29,0.21298355523532891
2009-01-30,0.21438472914818563
2009-02-02,0.2157061170715256
2009-02-03,0.2161562187687944
2009-02-04,0.21781234773036215
2009-02-05,0.21814358756804994
2009-02-06,0.21643243806600748
2009-02-09,0.21692367972159263
2009-02-10,0.2178348985450046
2009-02-11,0.2174634143786592
2009-02-12,0.21758996069342113
2009-02-13,0.21873527942184273
2009-02-16,0.21873527942184273
2009-02-17,0.21982171920197752
2009-02-18,0.21968956743378093
2009-02-19,0.21952813522148182
2009-02-20,0.22093231156475063
2009-02-23,0.22231127274432894
2009-02-24,0.2216828368876244
2009-02-25,0.22179804974671788
2009-02-26,0.22206065220514687
2009-02-27,0.22515069996951573
2009-03-02,0.22368742703526628
2009-03-03,0.22423918129360906
2009-03-04,0.22407401482447437
2009-03-05,0.22587739524260694
2009-03-06,0.22592211431557854
2009-03-09,0.2257857375675904
2009-03-10,0.22613998816295566
2009-03-11,0.22589934531632427
2009-03-12,0.22604855120342446
2009-03-13,0.22530823857959048
2009-03-16,0.22279029265866823
2009-03-17,0.22358194843794854
2009-03-18,0.22313846775871066
2009-03-19,0.2211727181637815
2009-03-20,0.2210012357245808
2009-03-23,0.21977600405968928
2009-03-24,0.21994200310582682
2009-03-25,0.21984019110405204
2009-03-26,0.219610347819037
2009-03-27,0.2199996108398628
2009-03-30,0.220566820262922
2009-03-31,0.2206092864778859
2009-04-01,0.2205416495573015
2009-04-02,0.2208330513282914
2009-04-03,0.2205996179653311
2009-04-06,0.22027375991557424
2009-04-07,0.21943453421415304
2009-04-08,0.2200834774818989
2009-04-09,0.21978169304215725
2009-04-10,0.21978169304215725
2009-04-13,0.22020171793964438
2009-04-14,0.2196203078997524
2009-04-15,0.21953940285293164
2009-04-16,0.22025205728774516
2009-04-17,0.22074880003265887
2009-04-20,0.22031613415414175
2009-04-21,0.22065963184024395
2009-04-22,0.22095239717959256
2009-04-23,0.2208776095036094
2009-04-24,0.22065618415380073
2009-04-27,0.22004442773717478
2009-04-28,0.2198249125235335
2009-04-29,0.21966121963905136
2009-04-30,0.22078271835637986
2009-05-01,0.21970864822075717
2009-05-04,0.2205931451124509
2009-05-05,0.22148637335443067
2009-05-06,0.21856488132271104
2009-05-07,0.21492021699792682
2009-05-08,0.21338044054192748
2009-05-11,0.2129299384402394
2009-05-12,0.2085276521307622
2009-05-13,0.20506310231512664
2009-05-14,0.20783340199385164
2009-05-15,0.20885409289331638
2009-05-18,0.21079674567031317
2009-05-19,0.2142619823041403
2009-05-20,0.21344139512290536
2009-05-21,0.21253277898089365
2009-05-22,0.2127767435754074
2009-05-25,0.2127767435754074
2009-05-26,0.212626539922119
2009-05-27,0.21425100574614744
2009-05-28,0.2128576293983572
2009-05-29,0.21272798612013474
2009-06-01,0.21454187619440016
2009-06-02,0.21429944828234052
2009-06-03,0.21201009126842402
2009-06-04,0.21147004829208355
2009-06-05,0.21170625655458342
2009-06-08,0.21156069680816125
2009-06-09,0.21247893159384593
2009-06-10,0.21157106911415188
2009-06-11,0.21091523677786247
2009-06-12,0.2104755249140577
2009-06-15,0.21206032010598433
2009-06-16,0.21103779567863482
2009-06-17,0.2111228412381736
2009-06-18,0.21095574399735909
2009-06-19,0.21055437884946648
2009-06-22,0.21217934612818298
2009-06-23,0.21136282756418254
2009-06-24,0.21122806454731222
2009-06-25,0.21113414161535426
2009-06-26,0.2106960595469869
2009-06-29,0.2111766742724452
2009-06-30,0.21168473535923202
2009-07-01,0.21137279508495135
2009-07-02,0.21181290316951712
2009-07-03,0.21181290316951712
2009-07-06,0.2119610692280382
2009-07-07,0.21189175244071262
2009-07-08,0.21221546683499637
2009-07-09,0.21191008229945837
2009-07-10,0.21193335437295474
2009-07-13,0.2115028211881898
2009-07-14,0.21221157484645037
2009-07-15,0.2117038564339953
2009-07-16,0.21157829613232254
2009-07-17,0.21190895858845266
2009-07-20,0.2115772729704517
2009-07-21,0.2113244272845125
2009-07-22,0.21246720663690455
2009-07-23,0.21154458121499492
2009-07-24,0.21115103416276465
2009-07-27,0.21195238225105903
2009-07-28,0.21155344542182528
2009-07-29,0.21242607453333953
2009-07-30,0.21089255164362125
2009-07-31,0.2149191626328086
2009-08-03,0.21710139175103452
2009-08-04,0.21705157767053862
2009-08-05,0.2158962232427945
2009-08-06,0.2136150160827599
2009-08-07,0.21435986702292775
2009-08-10,0.21431683635896456
2009-08-11,0.2158649310447649
2009-08-12,0.21604317606642268
2009-08-13,0.21928378741597646
2009-08-14,0.21733043716935055
2009-08-17,0.21559270979634265
2009-08-18,0.2191241309148464
2009-08-19,0.21656664035874482
2009-08-20,0.21488076124854383
2009-08-21,0.21349753874534344
2009-08-24,0.21099391599194364
2009-08-25,0.2143396853323015
2009-08-26,0.21194214126521527
2009-08-27,0.2119326581597517
2009-08-28,0.21713642395238314
2009-08-31,0.2164065169404149
2009-09-01,0.21459343724161334
2009-09-02,0.2169082640367869
2009-09-03,0.21803169003936998
2009-09-04,0.21763046408497844
2009-09-07,0.21763046408497844
2009-09-08,0.22072787965635962
2009-09-09,0.22211418139238998
2009-09-10,0.22112108019352442
2009-09-11,0.22024269968654642
2009-09-14,0.22020024640002242
2009-09-15,0.22011369389553742
2009-09-16,0.2182347561021707
2009-09-17,0.21795002614932205
2009-09-18,0.21775826001970064
2009-09-21,0.21823072750018938
2009-09-22,0.2175424693488865
2009-09-23,0.21736967486281616
2009-09-24,0.2174073608606861
2009-09-25,0.2162579279536449
2009-09-28,0.21689835659872897
2009-09-29,0.21693759353631423
2009-09-30,0.21817382507766211
2009-10-01,0.217498691962328
2009-10-02,0.21695600936015824
2009-10-05,0.21730903003744342
2009-10-06,0.21747793778793656
2009-10-07,0.2165715855839881
2009-10-08,0.2164420002181377
2009-10-09,0.2159555531736586
2009-10-12,0.21620665158071914
2009-10-13,0.21628770836396907
2009-10-14,0.2161216446959679
2009-10-15,0.2156943029408059
2009-10-16,0.21584532778781482
2009-10-19,0.2161981353306165
2009-10-20,0.21674451751230114
2009-10-21,0.21708644252067716
2009-10-22,0.21666034187261107
2009-10-23,0.21676455037348613
2009-10-26,0.21935760613037342
2009-10-27,0.21703116921563104
2009-10-28,0.21463408110470517
2009-10-29,0.21425939941826183
2009-10-30,0.21129234009077405
2009-11-02,0.21327811059183627
2009-11-03,0.21462098607836572
2009-11-04,0.21567196955927265
2009-11-05,0.21667480990856308
2009-11-06,0.2175258492579896
2009-11-09,0.2225965452522586
2009-11-10,0.22573972032754008
2009-11-11,0.22637351701661662
2009-11-12,0.2267042848760886
2009-11-13,0.2291054585126981
2009-11-16,0.22973808003831242
2009-11-17,0.231860722086278
2009-11-18,0.22916402621748144
2009-11-19,0.2267241498243478
2009-11-20,0.22310731605573525
2009-11-23,0.22356161073449932
2009-11-24,0.2232894677322662
2009-11-25,0.2259659687210871
2009-11-26,0.2259659687210871
2009-11-27,0.225903839032949
2009-11-30,0.22565891268249805
2009-12-01,0.22957151753464927
2009-12-02,0.23253675789514916
2009-12-03,0.23051488658654146
2009-12-04,0.22687918330297813
2009-12-07,0.22755159082310233
2009-12-08,0.2291032951000944
2009-12-09,0.23035695795835798
2009-12-10,0.23248212440914168
2009-12-11,0.23020831849507795
2009-12-14,0.23067516115220377
2009-12-15,0.23138310740950363
2009-12-16,0.2330916334939938
2009-12-17,0.23257602868847493
2009-12-18,0.23161392453787605
2009-12-21,0.23191663550391983
2009-12-22,0.23161353589706463
2009-12-23,0.23148468282881401
2009-12-24,0.2312961957154608
2009-12-25,0.2312961957154608
2009-12-28,0.23138490559540853
2009-12-29,0.23210210872814463
2009-12-30,0.23193375154095675
2009-12-31,0.23174938996112143
2010-01-01,0.23174938996112143
2010-01-04,0.23104762564296785
2010-01-05,0.23156765972029658
2010-01-06,0.23214595352462283
2010-01-07,0.23111276458626534
2010-01-08,0.23211132959357444
2010-01-11,0.2314023887783721
2010-01-12,0.23038670542191564
2010-01-13,0.23090563055626978
2010-01-14,0.2307430203402705
2010-01-15,0.2300527209202725
2010-01-18,0.2300527209202725
2010-01-19,0.22984409402343312
2010-01-20,0.22926270162256002
2010-01-21,0.22969440235480929
2010-01-22,0.22924766731874893
2010-01-25,0.2293884222823645
2010-01-26,0.2290018004662148
2010-01-27,0.22991333974807854
2010-01-28,0.22994857927453038
2010-01-29,0.22855317061920544
2010-02-01,0.23058086490004726
2010-02-02,0.23254038455588635
2010-02-03,0.2329959907816379
2010-02-04,0.23066932737110551
2010-02-05,0.23051285013581801
2010-02-08,0.23179683563643574
2010-02-09,0.2322323001570075
2010-02-10,0.2335705085193162
2010-02-11,0.23821160259147245
2010-02-12,0.24081146957795646
2010-02-15,0.24081146957795646
2010-02-16,0.24082513414485746
2010-02-17,0.2400764512002777
2010-02-18,0.23994971784612512
2010-02-19,0.24041683083770743
2010-02-22,0.24025088950378276
2010-02-23,0.2391014562319173
2010-02-24,0.24198042209241222
2010-02-25,0.24250894298099746
2010-02-26,0.2463164554262265
2010-03-01,0.24933153605477848
2010-03-02,0.25158916361827827
2010-03-03,0.2502368454359404
2010-03-04,0.25042349137862757
2010-03-05,0.247307556439006
2010-03-08,0.2460469962275928
2010-03-09,0.24594933289588117
2010-03-10,0.24461287046583252
2010-03-11,0.2431713602037728
2010-03-12,0.24460231370350624
2010-03-15,0.24661103254689698
2010-03-16,0.24889504267275417
2010-03-17,0.24910568386914936
2010-03-18,0.24871069757976666
2010-03-19,0.24790146205005845
2010-03-22,0.25177588829309316
2010-03-23,0.25366580422687435
2010-03-24,0.25126385553286634
2010-03-25,0.25138672147220514
2010-03-26,0.252186857529319
2010-03-29,0.25220240226372714
2010-03-30,0.25180691341156813
2010-03-31,0.24974984764338795
2010-04-01,0.24956219689255063
2010-04-02,0.24956219689255063
2010-04-05,0.24953383787593347
2010-04-06,0.24923753350034117
2010-04-07,0.25007332621682465
2010-04-08,0.24951896532483694
2010-04-09,0.24872425502643397
2010-04-12,0.24829001892899238
2010-04-13,0.24963450397311093
2010-04-14,0.250294814806976
2010-04-15,0.25069458522577737
2010-04-16,0.2519462497419249
2010-04-19,0.2503900091520004
2010-04-20,0.249986332987086
2010-04-21,0.2522304514694431
2010-04-22,0.25553962596715085
2010-04-23,0.2562518378542029
2010-04-26,0.2552492909047501
2010-04-27,0.2521400895175638
2010-04-28,0.25026360953534865
2010-04-29,0.252315513467211
2010-04-30,0.24838609611343887
2010-05-03,0.2520647125404428
2010-05-04,0.24317315231494294
2010-05-05,0.24088416710018984
2010-05-06,0.23838290829336717
2010-05-07,0.2334630549151516
2010-05-10,0.2334896609203221
2010-05-11,0.23743516853878283
2010-05-12,0.24197318391197598
2010-05-13,0.24052189418463926
2010-05-14,0.2349974300015616
2010-05-17,0.23671060952067313
2010-05-18,0.23374672976500951
2010-05-19,0.23174768501761892
2010-05-20,0.22990608501573426
2010-05-21,0.23006661312667243
2010-05-24,0.23311470285567878
2010-05-25,0.23456135873367168
2010-05-26,0.23804790749077032
2010-05-27,0.24158669656292484
2010-05-28,0.24257719417664722
2010-05-31,0.24257719417664722
2010-06-01,0.24193474220591193
2010-06-02,0.24337963564613854
2010-06-03,0.24589055611502825
2010-06-04,0.24733995195356018
2010-06-07,0.2434145149485059
2010-06-08,0.24335569162453716
2010-06-09,0.2461219336480748
2010-06-10,0.2463803808970914
2010-06-11,0.24660162715883827
2010-06-14,0.2471564308934731
2010-06-15,0.24715203521658463
2010-06-16,0.2468707925554105
2010-06-17,0.2466887616059122
2010-06-18,0.24611472841713383
2010-06-21,0.24542277723749334
2010-06-22,0.2452982941636702
2010-06-23,0.24625653313536638
2010-06-24,0.24572967532033768
2010-06-25,0.24571306516095778
2010-06-28,0.24619525119715066
2010-06-29,0.246273409123441
2010-06-30,0.24615175982433757
2010-07-01,0.2472191153532342
2010-07-02,0.24717015315276297
2010-07-05,0.24717015315276297
2010-07-06,0.24647367228888017
2010-07-07,0.2464910043237825
2010-07-08,0.24551457630778356
2010-07-09,0.24551002537250055
2010-07-12,0.24512739520652058
2010-07-13,0.2452517631644281
2010-07-14,0.24502787186592118
2010-07-15,0.24527491869293044
2010-07-16,0.24523015405996312
2010-07-19,0.24579499118425693
2010-07-20,0.24585782293279626
2010-07-21,0.24594099807944445
2010-07-22,0.2475541424441155
2010-07-23,0.24911943135008752
2010-07-26,0.2501351625396018
2010-07-27,0.24821077493025356
2010-07-28,0.2474809884816746
2010-07-29,0.24749280770296656
2010-07-30,0.2477643363971037
2010-08-02,0.2490294653441396
2010-08-03,0.24896400102681
2010-08-04,0.2508433804362759
2010-08-05,0.2503697531859229
2010-08-06,0.250364766567015
2010-08-09,0.2528335593466978
2010-08-10,0.2513549239927466
2010-08-11,0.24717073417362329
2010-08-12,0.2456890088186117
2010-08-13,0.24615505455367692
2010-08-16,0.24817313675235061
2010-08-17,0.2503852458498642
2010-08-18,0.2511755513693206
2010-08-19,0.2503514775027794
2010-08-20,0.2509057872261591
2010-08-23,0.2500017627345712
2010-08-24,0.24694933513452985
2010-08-25,0.2461626749343833
2010-08-26,0.24667766061936178
2010-08-27,0.25028050360182896
2010-08-30,0.2494430166537686
2010-08-31,0.2508540328218041
2010-09-01,0.2544934528814587
2010-09-02,0.25806541806756916
2010-09-03,0.25903059687427227
2010-09-06,0.25903059687427227
2010-09-07,0.2585673793700376
2010-09-08,0.259699619225613
2010-09-09,0.25798063531052084
2010-09-10,0.25591256026037
2010-09-13,0.25703128110491813
2010-09-14,0.25848621769092595
2010-09-15,0.2582580614618281
2010-09-16,0.26013260636801455
2010-09-17,0.26022214132876376
2010-09-20,0.25960811607757317
2010-09-21,0.26009898360754913
2010-09-22,0.2595728596334069
2010-09-23,0.2601158907125932
2010-09-24,0.2603538991411706
2010-09-27,0.26067707951911034
2010-09-28,0.2614149922131347
2010-09-29,0.26167196072596755
2010-09-30,0.2616824627844222
2010-10-01,0.2611077520338718
2010-10-04,0.260990661722515
2010-10-05,0.2608001523046162
2010-10-06,0.26021418935216994
2010-10-07,0.26103250250866417
2010-10-08,0.2616248907908436
2010-10-11,0.26199362910972834
2010-10-12,0.2624227397394624
2010-10-13,0.26208824087803617
2010-10-14,0.2621250149929573
2010-10-15,0.2626744425253518
2010-10-18,0.2619713491698156
2010-10-19,0.2616383773014593
2010-10-20,0.2617760669381422
2010-10-21,0.2624512960738229
2010-10-22,0.26239013202652484
2010-10-25,0.26374626079926833
2010-10-26,0.263167604286032
2010-10-27,0.2646937314241029
2010-10-28,0.26381902721151396
2010-10-29,0.2655190306223509
2010-11-01,0.26761145989124324
2010-11-02,0.26757893599119464
2010-11-03,0.27021564096351774
2010-11-04,0.27304629010364845
2010-11-05,0.27534118683413866
2010-11-08,0.2779070385349095
2010-11-09,0.2780787194426359
2010-11-10,0.27768455801724073
2010-11-11,0.2795624207431264
2010-11-12,0.273767123406231
2010-11-15,0.2741352846773231
2010-11-16,0.2723038838573989
2010-11-17,0.2780213842024758
2010-11-18,0.2818438106894128
2010-11-19,0.2840599106972737
2010-11-22,0.2893644819648285
2010-11-23,0.289158444376073
2010-11-24,0.2963667151826787
2010-11-25,0.2963667151826787
2010-11-26,0.2958075240013067
2010-11-29,0.2930316935039813
2010-11-30,0.2933190632990686
2010-12-01,0.29520210359951193
2010-12-02,0.29647694345718034
2010-12-03,0.29907931282376404
2010-12-06,0.29949575933025896
2010-12-07,0.3004217036012271
2010-12-08,0.29844642717941056
2010-12-09,0.29814097165074077
2010-12-10,0.2980753101850896
2010-12-13,0.2955723347186047
2010-12-14,0.29376379201836866
2010-12-15,0.2939266318313757
2010-12-16,0.2949897888724986
2010-12-17,0.29557817710756434
2010-12-20,0.29415565378542485
2010-12-21,0.29510291031602603
2010-12-22,0.2936694590367386
2010-12-23,0.29311356037950104
2010-12-24,0.29311356037950104
2010-12-27,0.29238478935965534
2010-12-28,0.2917032427142744
2010-12-29,0.29111882067864936
2010-12-30,0.2910093179317755
2010-12-31,0.2913233435181741
2011-01-03,0.2908329380927027
2011-01-04,0.29001521391978535
2011-01-05,0.2896869840290049
2011-01-06,0.28999557632607564
2011-01-07,0.2894661747074526
2011-01-10,0.2899478115148809
2011-01-11,0.2901532229379413
2011-01-12,0.29111564125434963
2011-01-13,0.2911648167929415
2011-01-14,0.291079837033156
2011-01-17,0.291079837033156
2011-01-18,0.29233476849429396
2011-01-19,0.29103249989718577
2011-01-20,0.2903247076879707
2011-01-21,0.2898875963452918
2011-01-24,0.29088831425621353
2011-01-25,0.29116843488142996
2011-01-26,0.29323343813382935
2011-01-27,0.29323585103708527
2011-01-28,0.29527566333078037
2011-01-31,0.29661202438334994
2011-02-01,0.29785455960209173
2011-02-02,0.2980773646860475
2011-02-03,0.29683865670134446
2011-02-04,0.29849763568928506
2011-02-07,0.29956911583723556
2011-02-08,0.29901978317516514
2011-02-09,0.29884887656928466
2011-02-10,0.302356424225475
2011-02-11,0.30443357991716524
2011-02-14,0.310228130376767
2011-02-15,0.3079408326028243
2011-02-16,0.3122392445937639
2011-02-17,0.31301460374751117
2011-02-18,0.3086157593566396
2011-02-21,0.3086157593566396
2011-02-22,0.30235034322311183
2011-02-23,0.296352998519932
2011-02-24,0.2971886721807506
2011-02-25,0.3037926599650333
2011-02-28,0.30454405952187946
2011-03-01,0.2998450748175383
2011-03-02,0.3058827166332224
2011-03-03,0.3113050263873213
2011-03-04,0.3137649246413171
2011-03-07,0.3112280953979796
2011-03-08,0.3073469989641573
2011-03-09,0.3022629127408104
2011-03-10,0.2977508457786094
2011-03-11,0.2997012827907798
2011-03-14,0.30344660743895757
2011-03-15,0.30278251209366447
2011-03-16,0.3039563245446737
2011-03-17,0.30626050299408025
2011-03-18,0.30342295875899866
2011-03-21,0.3095212944128083
2011-03-22,0.3078761935094536
2011-03-23,0.3087050361250687
2011-03-24,0.3105294841309369
2011-03-25,0.31355047862668395
2011-03-28,0.31307744192920284
2011-03-29,0.3153054526898654
2011-03-30,0.31590536120978285
2011-03-31,0.316479299308805
2011-04-01,0.3160033339227676
2011-04-04,0.3163632650589408
2011-04-05,0.31611653009775537
2011-04-06,0.3136498035930195
2011-04-07,0.313782699414287
2011-04-08,0.31366592966305307
2011-04-11,0.31296999884124205
2011-04-12,0.31225868342136914
2011-04-13,0.3131093400927043
2011-04-14,0.31312829055590063
2011-04-15,0.313956473923678
2011-04-18,0.31360411198402866
2011-04-19,0.31375989101084995
2011-04-20,0.31558791106139106
2011-04-21,0.31521243241052727
2011-04-22,0.31521243241052727
2011-04-25,0.3156012919904908
2011-04-26,0.31462199587769935
2011-04-27,0.31324594450664234
2011-04-28,0.31242665005494397
2011-04-29,0.3132074998565236
2011-05-02,0.3132939625408694
2011-05-03,0.3093185806083666
2011-05-04,0.3070852663188901
2011-05-05,0.31048254268227055
2011-05-06,0.3141239783442307
2011-05-09,0.3192296115500374
2011-05-10,0.32128888378582254
2011-05-11,0.3184656345988507
2011-05-12,0.3167196343780257
2011-05-13,0.31889865192579164
2011-05-16,0.31822729580637144
2011-05-17,0.3137805608133602
2011-05-18,0.3212186722231952
2011-05-19,0.3218511877775664
2011-05-20,0.32172057632959417
2011-05-23,0.3172800875836747
2011-05-24,0.3161506303235389
2011-05-25,0.32077945583499035
2011-05-26,0.32382514615911123
2011-05-27,0.3253963578975644
2011-05-30,0.3253963578975644
2011-05-31,0.3243217837452896
2011-06-01,0.3247107358980416
2011-06-02,0.3279626424397073
2011-06-03,0.32718903354965867
2011-06-06,0.3243748902536118
2011-06-07,0.3246634112227337
2011-06-08,0.32301154267736104
2011-06-09,0.32465340339528403
2011-06-10,0.3227178818787757
2011-06-13,0.32196554107223974
2011-06-14,0.32493389545013696
2011-06-15,0.3240209375923725
2011-06-16,0.3204980659829434
2011-06-17,0.32033191164112423
2011-06-20,0.32138416892062094
2011-06-21,0.32223185141052035
2011-06-22,0.32239244932241573
2011-06-23,0.32343060320425887
2011-06-24,0.3233901418364117
2011-06-27,0.32378921608580213
2011-06-28,0.32471848176590234
2011-06-29,0.32423884380485135
2011-06-30,0.32516597170029815
2011-07-01,0.32549609920649325
2011-07-04,0.32549609920649325
2011-07-05,0.3256080502946695
2011-07-06,0.32620286514891894
2011-07-07,0.3260071359352158
2011-07-08,0.3265270895331917
2011-07-11,0.3264486439633347
2011-07-12,0.32680405762763703
2011-07-13,0.3271826864238975
2011-07-14,0.32717943980680503
2011-07-15,0.3274667058964378
2011-07-18,0.32769422808018567
2011-07-19,0.32835591938984404
2011-07-20,0.32789324983442764
2011-07-21,0.32788077699146884
2011-07-22,0.3276262684219266
2011-07-25,0.3287850155551082
2011-07-26,0.3281114477643003
2011-07-27,0.32846705531933523
2011-07-28,0.3281789738381632
2011-07-29,0.32907726878376437
2011-08-01,0.32992339917604224
2011-08-02,0.3293303329721899
2011-08-03,0.3309540681073328
2011-08-04,0.326664195421205
2011-08-05,0.3246298670086016
2011-08-08,0.3258859780964186
2011-08-09,0.3144071403098612
2011-08-10,0.3134977430384239
2011-08-11,0.31297637960830077
2011-08-12,0.311107429256845
2011-08-15,0.3086969628571801
2011-08-16,0.30930022323713147
2011-08-17,0.30769121842314995
2011-08-18,0.3082220082793455
2011-08-19,0.30853111575782177
2011-08-22,0.3104446692775692
2011-08-23,0.3114919222351197
2011-08-24,0.31062405489486705
2011-08-25,0.31225810961434697
2011-08-26,0.3131765191861847
2011-08-29,0.31059165507837616
2011-08-30,0.31323787761852057
2011-08-31,0.3112615707091783
2011-09-01,0.31248878904937816
2011-09-02,0.3127986189564678
2011-09-05,0.3127986189564678
2011-09-06,0.31643646790341196
2011-09-07,0.314246540402777
2011-09-08,0.31474007224441436
2011-09-09,0.3127510994940574
2011-09-12,0.3135223689697315
2011-09-13,0.3128051764513439
2011-09-14,0.3134672822892502
2011-09-15,0.3130815829031039
2011-09-16,0.31276754393696127
2011-09-19,0.3136137792459728
2011-09-20,0.3128633640009116
2011-09-21,0.3129286954165634
2011-09-22,0.3133911794294617
2011-09-23,0.3135070379057133
2011-09-26,0.31338293584297344
2011-09-27,0.3131532795935554
2011-09-28,0.31308063604494685
2011-09-29,0.3129056425150039
2011-09-30,0.3124514264085021
2011-10-03,0.3121981697654955
2011-10-04,0.31264830589223064
2011-10-05,0.3129073310439838
2011-10-06,0.3127847405901293
2011-10-07,0.31236630669402937
2011-10-10,0.31265287213253357
2011-10-11,0.31236460021223955
2011-10-12,0.3125444604832001
2011-10-13,0.3124298179109479
2011-10-14,0.3125113741202044
2011-10-17,0.31243884388411086
2011-10-18,0.31243186133089823
2011-10-19,0.3123267197252137
2011-10-20,0.3121055780777103
2011-10-21,0.31135321845233943
2011-10-24,0.3104042617221246
2011-10-25,0.31031690080954855
2011-10-26,0.31050256064803616
2011-10-27,0.3097023258014232
2011-10-28,0.31151870823561556
2011-10-31,0.3122018078733597
2011-11-01,0.3120539285429609
2011-11-02,0.31136836969941206
2011-11-03,0.3123670913813656
2011-11-04,0.31338522708145056
2011-11-07,0.3123220912510199
2011-11-08,0.31282484608024463
2011-11-09,0.31167807115713214
2011-11-10,0.31306548728634737
2011-11-11,0.31255843507227554
2011-11-14,0.31265887929231556
2011-11-15,0.31394556000953117
2011-11-16,0.31469201242853256
2011-11-17,0.3146989542572205
2011-11-18,0.31514201963652344
2011-11-21,0.31557550909352794
2011-11-22,0.3169843971405332
2011-11-23,0.3153120851805261
2011-11-24,0.3153120851805261
2011-11-25,0.3142779190680689
2011-11-28,0.3164094139029556
2011-11-29,0.31846138568126237
2011-11-30,0.3190663013039762
2011-12-01,0.31816900295486467
2011-12-02,0.31765747537496464
2011-12-05,0.31789576531609626
2011-12-06,0.31738819682763914
2011-12-07,0.3160424000574829
2011-12-08,0.3163750737511417
2011-12-09,0.3162749697097061
2011-12-12,0.3164795453176309
2011-12-13,0.31530937347250765
2011-12-14,0.31416020376914444
2011-12-15,0.31395182979233066
2011-12-16,0.3140222549150768
2011-12-19,0.31438672557395053
2011-12-20,0.31490796664542814
2011-12-21,0.3151000204712219
2011-12-22,0.3150539157108234
2011-12-23,0.3148028803657779
2011-12-26,0.3148028803657779
2011-12-27,0.31497666501840715
2011-12-28,0.3150192504554837
2011-12-29,0.3150642192639093
2011-12-30,0.31490129092577807
2012-01-02,0.31490129092577807
2012-01-03,0.31426166958307816
2012-01-04,0.31459385128265094
2012-01-05,0.3149935554317365
2012-01-06,0.3151132206673397
2012-01-09,0.31510609836575665
2012-01-10,0.31533530846248986
2012-01-11,0.3153377202566405
2012-01-12,0.3150888923281622
2012-01-13,0.3149546904712404
2012-01-16,0.3149546904712404
2012-01-17,0.3148638283446227
2012-01-18,0.31463189361932664
2012-01-19,0.3145609709447898
2012-01-20,0.31468743248272146
2012-01-23,0.31470648748898233
2012-01-24,0.31498589376375336
2012-01-25,0.31526063256498765
2012-01-26,0.31605174259820257
2012-01-27,0.3164966414036568
2012-01-30,0.3172756902334861
2012-01-31,0.3165995293641324
2012-02-01,0.3175315325269006
2012-02-02,0.31733318268375044
2012-02-03,0.3173219166540377
2012-02-06,0.31690570591248396
2012-02-07,0.31763847269937384
2012-02-08,0.31824830566410445
2012-02-09,0.31940151798289135
2012-02-10,0.3186794985536171
2012-02-13,0.3207832127542307
2012-02-14,0.31964559808637055
2012-02-15,0.319134639940435
2012-02-16,0.320331146675677
2012-02-17,0.3188261999640298
2012-02-20,0.3188261999640298
2012-02-21,0.3157609514662572
2012-02-22,0.31555879136691745
2012-02-23,0.3171926974113255
2012-02-24,0.31652296017884246
2012-02-27,0.3169972605604556
2012-02-28,0.3145590641368737
2012-02-29,0.31352463621612475
2012-03-01,0.31505229325554573
2012-03-02,0.3147443684666425
2012-03-05,0.3133748189112282
2012-03-06,0.3109956968614751
2012-03-07,0.3130673941782184
2012-03-08,0.31392289089913616
2012-03-09,0.31536138687711135
2012-03-12,0.31462712606824544
2012-03-13,0.31474326658247
2012-03-14,0.31409224384284545
2012-03-15,0.3151079116860288
2012-03-16,0.313810258228975
2012-03-19,0.31332344341268636
2012-03-20,0.31321846556889094
2012-03-21,0.31451961324928074
2012-03-22,0.31578290266225445
2012-03-23,0.31596002679911706
2012-03-26,0.3162976301196718
2012-03-27,0.316586802751826
2012-03-28,0.3163393205226103
2012-03-29,0.3160111778009135
2012-03-30,0.31449590907241487
2012-04-02,0.3131991677354182
2012-04-03,0.3149744482476484
2012-04-04,0.31503368551257843
2012-04-05,0.3148723223709399
2012-04-06,0.3148723223709399
2012-04-09,0.3158978624388723
2012-04-10,0.3148812956728568
2012-04-11,0.31535043788707906
2012-04-12,0.3147378578861845
2012-04-13,0.31504213541030257
2012-04-16,0.3147829961383257
2012-04-17,0.3145651618719047
2012-04-18,0.3145381203656859
2012-04-19,0.3145156299621155
2012-04-20,0.31404044562605465
2012-04-23,0.3139724827313468
2012-04-24,0.31380082624607064
2012-04-25,0.3133509350141234
2012-04-26,0.3140071120932348
2012-04-27,0.3174881725730592
2012-04-30,0.3159725185343251
2012-05-01,0.31583346409532154
2012-05-02,0.3165887097640125
2012-05-03,0.3159416725834518
2012-05-04,0.31732222415666017
2012-05-07,0.3206413697024221
2012-05-08,0.31996409483218147
2012-05-09,0.31935231193931896
2012-05-10,0.3207031475912673
2012-05-11,0.32676045863238623
2012-05-14,0.32639659321951503
2012-05-15,0.32973973090232184
2012-05-16,0.32780538791250113
2012-05-17,0.32097129395634666
2012-05-18,0.31799305849864534
2012-05-21,0.3187516551585366
2012-05-22,0.32139648130200804
2012-05-23,0.3243747416774738
2012-05-24,0.3276404248770104
2012-05-25,0.325320239769042
2012-05-28,0.325320239769042
2012-05-29,0.3260788529313817
2012-05-30,0.3281964799856508
2012-05-31,0.33032727057875316
2012-06-01,0.32377106840545816
2012-06-04,0.32157911200761374
2012-06-05,0.3218707311196862
2012-06-06,0.32143453529235805
2012-06-07,0.3213827431760885
2012-06-08,0.3234484538291833
2012-06-11,0.3237895925992274
2012-06-12,0.32363473532701137
2012-06-13,0.3229751770822693
2012-06-14,0.3231746356470258
2012-06-15,0.3235872646541363
2012-06-18,0.3243624544658456
2012-06-19,0.3259669058186026
2012-06-20,0.3265713152849756
2012-06-21,0.32719513972289166
2012-06-22,0.3276836943657889
2012-06-25,0.3284111363027453
2012-06-26,0.32868044247193107
2012-06-27,0.3286823462046764
2012-06-28,0.3287803680427193
2012-06-29,0.3279663548778539
2012-07-02,0.3288650793618013
2012-07-03,0.32828552963332364
2012-07-04,0.32828552963332364
2012-07-05,0.32824688433933913
2012-07-06,0.3284761182043114
2012-07-09,0.32890220257946284
2012-07-10,0.32912463935373726
2012-07-11,0.3286509392827993
2012-07-12,0.32889618237792745
2012-07-13,0.32907795697829195
2012-07-16,0.32942533660727524
2012-07-17,0.32962731355786246
2012-07-18,0.3295529132420234
2012-07-19,0.32936461751976864
2012-07-20,0.32919124697642166
2012-07-23,0.3295533339763921
2012-07-24,0.32924093773194946
2012-07-25,0.3286791017659615
2012-07-26,0.3301696266058532
2012-07-27,0.3300877532544599
2012-07-30,0.33022461727404334
2012-07-31,0.32966964040315283
2012-08-01,0.32678681628212064
2012-08-02,0.3290741969614518
2012-08-03,0.32848137316401366
2012-08-06,0.3302143223835487
2012-08-07,0.33021656695316304
2012-08-08,0.3312676129808625
2012-08-09,0.3331188457230147
2012-08-10,0.33193294845615606
2012-08-13,0.3329949771259685
2012-08-14,0.3332634215048286
2012-08-15,0.3340737748340188
2012-08-16,0.33615098029411794
2012-08-17,0.33757944167204657
2012-08-20,0.3359947475354395
2012-08-21,0.33562844131450537
2012-08-22,0.33410624012843726
2012-08-23,0.33550264497752513
2012-08-24,0.33592917931674093
2012-08-27,0.3363980882813022
2012-08-28,0.33871261793174273
2012-08-29,0.33888285136590723
2012-08-30,0.3371400611124293
2012-08-31,0.3370390380211243
2012-09-03,0.3370390380211243
2012-09-04,0.3418646744867715
2012-09-05,0.3414841037079708
2012-09-06,0.3416246242294132
2012-09-07,0.34029345779673587
2012-09-10,0.34112941618065096
2012-09-11,0.3406763434317005
2012-09-12,0.3419187966991204
2012-09-13,0.3402253454217516
2012-09-14,0.33933330854249594
2012-09-17,0.33872794781518595
2012-09-18,0.3368103182409252
2012-09-19,0.3385436138455922
2012-09-20,0.33760058649689323
2012-09-21,0.3386322990181764
2012-09-24,0.33764741464871667
2012-09-25,0.3379879649331443
2012-09-26,0.33735311975158755
2012-09-27,0.33785609275207545
2012-09-28,0.33788174891580214
2012-10-01,0.3380974217379465
2012-10-02,0.3380356524003309
2012-10-03,0.3394287800292634
2012-10-04,0.3394834329964716
2012-10-05,0.33926193463950827
2012-10-08,0.3394400320071153
2012-10-09,0.339313272896397
2012-10-10,0.3385790242991425
2012-10-11,0.3386756194976578
2012-10-12,0.3383000342415699
2012-10-15,0.3382583250607835
2012-10-16,0.3382725913985938
2012-10-17,0.3387751840832677
2012-10-18,0.338848595219999
2012-10-19,0.33923961641929373
2012-10-22,0.3402299576299349
2012-10-23,0.34106238829740326
2012-10-24,0.34167701104618897
2012-10-25,0.3399132162054781
2012-10-26,0.3399639839482788
2012-10-29,0.3399639839482788
2012-10-30,0.3399639839482788
2012-10-31,0.34112733999547096
2012-11-01,0.3415264143623093
2012-11-02,0.3391932151896735
2012-11-05,0.3394787178514946
2012-11-06,0.33910558783756956
2012-11-07,0.33934930279786024
2012-11-08,0.33788637750271727
2012-11-09,0.3382916552830449
2012-11-12,0.3379818560656937
2012-11-13,0.33685279881704533
2012-11-14,0.3327725186790556
2012-11-15,0.33087524622205544
2012-11-16,0.3351144888390473
2012-11-19,0.33683053608789637
2012-11-20,0.33997396055822987
2012-11-21,0.3405726995275134
2012-11-22,0.3405726995275134
2012-11-23,0.33867496340225145
2012-11-26,0.33776429798811375
2012-11-27,0.33937877337149946
2012-11-28,0.33962156617370987
2012-11-29,0.34318328825157907
2012-11-30,0.34081761067464267
2012-12-03,0.34429401831552264
2012-12-04,0.34379131894496073
2012-12-05,0.34398771212117407
2012-12-06,0.3430028847144316
2012-12-07,0.3423008090995297
2012-12-10,0.34263425381894214
2012-12-11,0.34222766680095323
2012-12-12,0.3423458608825983
2012-12-13,0.3424362768740656
2012-12-14,0.34187260896852945
2012-12-17,0.34208234484536504
2012-12-18,0.34244926254314256
2012-12-19,0.34220507950038487
2012-12-20,0.3419531154804083
2012-12-21,0.34185330521468055
2012-12-24,0.34215978323039276
2012-12-25,0.34215978323039276
2012-12-26,0.3425278374289867
2012-12-27,0.3425183246917106
2012-12-28,0.34240941103165595
2012-12-31,0.34217501565592245
2013-01-01,0.34217501565592245
2013-01-02,0.3422016534542878
2013-01-03,0.34152484006102096
2013-01-04,0.34117182078003877
2013-01-07,0.34040120716171635
2013-01-08,0.33992722883108323
2013-01-09,0.34055281044763425
2013-01-10,0.3408707167231211
2013-01-11,0.3410005936649282
2013-01-14,0.34108731973250866
2013-01-15,0.3412321577616455
2013-01-16,0.34112630832899304
2013-01-17,0.34138204420209495
2013-01-18,0.34162005261247896
2013-01-21,0.34162005261247896
2013-01-22,0.34205036089335106
2013-01-23,0.3417576720579316
2013-01-24,0.34158153612057746
2013-01-25,0.34411542427618036
2013-01-28,0.34309983146187956
2013-01-29,0.34323498981111433
2013-01-30,0.3434859482162695
2013-01-31,0.34453898425258234
2013-02-01,0.34339736407874677
2013-02-04,0.3443013209847859
2013-02-05,0.34541378350692586
2013-02-06,0.34618357205158473
2013-02-07,0.34699734771801205
2013-02-08,0.3461590782603444
2013-02-11,0.34827896704930933
2013-02-12,0.34985155065731866
2013-02-13,0.35135999191099376
2013-02-14,0.3531639014285742
2013-02-15,0.35420314915640816
2013-02-18,0.35420314915640816
2013-02-19,0.3559567557596857
2013-02-20,0.354188399302436
2013-02-21,0.35143503418414035
2013-02-22,0.3526195693739326
2013-02-25,0.35035069701309246
2013-02-26,0.3528328765686572
2013-02-27,0.3525696416905499
2013-02-28,0.35305629981669273
2013-03-01,0.3558570459314745
2013-03-04,0.3584190296176922
2013-03-05,0.36117745309518484
2013-03-06,0.36348437302653236
2013-03-07,0.3620828396373808
2013-03-08,0.361815073423954
2013-03-11,0.35945541985685336
2013-03-12,0.3606568863618602
2013-03-13,0.362933252916259
2013-03-14,0.3639943392774926
2013-03-15,0.3622089786172287
2013-03-18,0.36362170134728355
2013-03-19,0.364174063257885
2013-03-20,0.36268946842185146
2013-03-21,0.36284963636256456
2013-03-22,0.36113685591901773
2013-03-25,0.3623930660280775
2013-03-26,0.3625679767430739
2013-03-27,0.36321081035446207
2013-03-28,0.36240823182853965
2013-03-29,0.36240823182853965
2013-04-01,0.3623694254767665
2013-04-02,0.35975096542434165
2013-04-03,0.3581843005228447
2013-04-04,0.358622449257865
2013-04-05,0.3591707010543002
2013-04-08,0.3597393619516695
2013-04-09,0.3593878996736876
2013-04-10,0.36035671398087904
2013-04-11,0.3612883004338299
2013-04-12,0.36245085437778557
2013-04-15,0.3621920943777455
2013-04-16,0.36234023143247435
2013-04-17,0.3620080706758309
2013-04-18,0.3625180091060222
2013-04-19,0.36242506256766127
2013-04-22,0.3621271516750358
2013-04-23,0.36183413305273293
2013-04-24,0.36207058926081176
2013-04-25,0.36224926587144773
2013-04-26,0.3631203318035413
2013-04-29,0.3630591046501067
2013-04-30,0.3633045976963923
2013-05-01,0.3633996766501953
2013-05-02,0.36270198225615724
2013-05-03,0.36101188690297226
2013-05-06,0.36211508432003364
2013-05-07,0.36117822484372664
2013-05-08,0.361726530175655
2013-05-09,0.3637964538363366
2013-05-10,0.3669420419142277
2013-05-13,0.36951437255508246
2013-05-14,0.3694683761788307
2013-05-15,0.36951063542719215
2013-05-16,0.3681449585263843
2013-05-17,0.3678522027386882
2013-05-20,0.36858029420902094
2013-05-21,0.36583431401166633
2013-05-22,0.3640847608693729
2013-05-23,0.36627782769765105
2013-05-24,0.36504656000138647
2013-05-27,0.36504656000138647
2013-05-28,0.36784213981052705
2013-05-29,0.36821035128318885
2013-05-30,0.37015508799905306
2013-05-31,0.3694830124130605
2013-06-03,0.36808330118561816
2013-06-04,0.36942708900541404
2013-06-05,0.3682035137954026
2013-06-06,0.36885859951530214
2013-06-07,0.36882630321911747
2013-06-10,0.369406818287809
2013-06-11,0.3699791773254236
2013-06-12,0.3710247764220314
2013-06-13,0.369453060454173
2013-06-14,0.370404300866378
2013-06-17,0.3696650891154936
2013-06-18,0.3688666533602254
2013-06-19,0.37155838543142383
2013-06-20,0.3716010027551532
2013-06-21,0.3709611404887896
2013-06-24,0.3707244156526902
2013-06-25,0.3707856952378684
2013-06-26,0.3706154161250936
2013-06-27,0.3708549036442998
2013-06-28,0.37151307155567015
2013-07-01,0.3720970214033068
2013-07-02,0.37158556746759636
2013-07-03,0.3717235098327926
2013-07-04,0.3717235098327926
2013-07-05,0.37186697649205186
2013-07-08,0.37156185139017384
2013-07-09,0.3712053476287114
2013-07-10,0.37103295825882515
2013-07-11,0.371385831394635
2013-07-12,0.3712342517967049
2013-07-15,0.3712933874450859
2013-07-16,0.371252582060382
2013-07-17,0.3711999623208304
2013-07-18,0.3709844448948978
2013-07-19,0.3713899487358895
2013-07-22,0.37237332755858826
2013-07-23,0.3725171879389113
2013-07-24,0.3729981265274217
2013-07-25,0.37296983928615446
2013-07-26,0.37376286557074506
2013-07-29,0.3741667087184739
2013-07-30,0.37544389676866746
2013-07-31,0.3759946393550113
2013-08-01,0.37861260044443723
2013-08-02,0.378900269328849
2013-08-05,0.3804414578882977
2013-08-06,0.37978262806280627
2013-08-07,0.3779862022263113
2013-08-08,0.3790402279009632
2013-08-09,0.3815830737055449
2013-08-12,0.3832596885658913
2013-08-13,0.38608492897015695
2013-08-14,0.38672700207401456
2013-08-15,0.3855893548834081
2013-08-16,0.38784248533807864
2013-08-19,0.38740143694239965
2013-08-20,0.38902948046009717
2013-08-21,0.3895399143322843
2013-08-22,0.3919036063082094
2013-08-23,0.39007319751571473
2013-08-26,0.3900421274203726
2013-08-27,0.38639645006046164
2013-08-28,0.38800118073019724
2013-08-29,0.3905253331623778
2013-08-30,0.38915336834592046
2013-09-02,0.38915336834592046
2013-09-03,0.39022579530851137
2013-09-04,0.3945509290269883
2013-09-05,0.3956974619259096
2013-09-06,0.39412698275623725
2013-09-09,0.39340394869452827
2013-09-10,0.3948983247773964
2013-09-11,0.3954839765828007
2013-09-12,0.39760010657408495
2013-09-13,0.3961105896508726
2013-09-16,0.39443813779262865
2013-09-17,0.3967293720180711
2013-09-18,0.3966906260943294
2013-09-19,0.3975986005124555
2013-09-20,0.3980531707878217
2013-09-23,0.39860978285619514
2013-09-24,0.39877027905169765
2013-09-25,0.39979471764588936
2013-09-26,0.3998155087971033
2013-09-27,0.4000155082905701
2013-09-30,0.3999224555365039
2013-10-01,0.4006422355891478
2013-10-02,0.40086107612125277
2013-10-03,0.40068872820016305
2013-10-04,0.402036971361687
2013-10-07,0.4012854028983815
2013-10-08,0.3998480003896954
2013-10-09,0.39952999467305106
2013-10-10,0.4004635451554227
2013-10-11,0.40127756467270165
2013-10-14,0.40140146085857203
2013-10-15,0.4012632314438174
2013-10-16,0.4022324142853696
2013-10-17,0.4027300076848647
2013-10-18,0.40246587896108804
2013-10-21,0.40255082641836115
2013-10-22,0.4020019580851351
2013-10-23,0.40356886949217274
2013-10-24,0.4045492744888129
2013-10-25,0.4048001815200395
2013-10-28,0.40341039076191976
2013-10-29,0.4046104908035629
2013-10-30,0.40316391499592175
2013-10-31,0.4039039432525415
2013-11-01,0.4036110987510921
2013-11-04,0.4087915533519986
2013-11-05,0.4103959871643368
2013-11-06,0.4069333958119929
2013-11-07,0.4022510606652327
2013-11-08,0.407618835673964
2013-11-11,0.4093389423161102
2013-11-12,0.40890605574919386
2013-11-13,0.414440538423179
2013-11-14,0.4146089679589903
2013-11-15,0.41520716585941103
2013-11-18,0.41405748444839546
2013-11-19,0.41388553243896253
2013-11-20,0.4173336941498272
2013-11-21,0.4177815213797679
2013-11-22,0.416578655341097
2013-11-25,0.4159584756760669
2013-11-26,0.41976958615521986
2013-11-27,0.41961409740911526
2013-11-28,0.41961409740911526
2013-11-29,0.41924353184274454
2013-12-02,0.42031729380999705
2013-12-03,0.41804052082062004
2013-12-04,0.4162050242598357
2013-12-05,0.42001956689504527
2013-12-06,0.4146855949210544
2013-12-09,0.4175247738039724
2013-12-10,0.41555173376853866
2013-12-11,0.41436985512510643
2013-12-12,0.41528961898188105
2013-12-13,0.41650575077644764
2013-12-16,0.4191572228158068
2013-12-17,0.41904974922983795
2013-12-18,0.41772848132938295
2013-12-19,0.41732737330839403
2013-12-20,0.4172661086310592
2013-12-23,0.41658307613574724
2013-12-24,0.41684036964110216
2013-12-25,0.41684036964110216
2013-12-26,0.41655078448945715
2013-12-27,0.41620868480370965
2013-12-30,0.4162293629326657
2013-12-31,0.4161817364296456
2014-01-01,0.4161817364296456
2014-01-02,0.41628017748817653
2014-01-03,0.41638843648767954
2014-01-06,0.41675606117397607
2014-01-07,0.4167975991870598
2014-01-08,0.416852195732986
2014-01-09,0.4169970751218143
2014-01-10,0.41718563178293516
2014-01-13,0.41907090462930635
2014-01-14,0.42030689837112795
2014-01-15,0.4208329677477708
2014-01-16,0.4225827657801037
2014-01-17,0.42290923804902264
2014-01-20,0.42290923804902264
2014-01-21,0.42358261009857245
2014-01-22,0.42420288204828266
2014-01-23,0.42411488639315537
2014-01-24,0.4223287093274831
2014-01-27,0.4215973192440701
2014-01-28,0.42295552535469155
2014-01-29,0.42093841614381095
2014-01-30,0.4230389611849196
2014-01-31,0.4259058782670307
2014-02-03,0.42553133297785317
2014-02-04,0.426595930129138
2014-02-05,0.42661928351459943
2014-02-06,0.4272087190810308
2014-02-07,0.4262138129454947
2014-02-10,0.42587592177663747
2014-02-11,0.42680194396972065
2014-02-12,0.43005964797529517
2014-02-13,0.4330139306542594
2014-02-14,0.4321324189486799
2014-02-17,0.4321324189486799
2014-02-18,0.43828529999221083
2014-02-19,0.43640291742571957
2014-02-20,0.438797038893138
2014-02-21,0.4416831606949642
2014-02-24,0.4444261411408884
2014-02-25,0.4447099070693856
2014-02-26,0.4491806204692292
2014-02-27,0.44822827416108646
2014-02-28,0.44580062460996167
2014-03-03,0.44627268984378915
2014-03-04,0.4525711218067872
2014-03-05,0.4507316430505275
2014-03-06,0.4483506003725261
2014-03-07,0.44528935442110473
2014-03-10,0.44386200422519656
2014-03-11,0.4407155066045832
2014-03-12,0.4424364622154106
2014-03-13,0.4413088142520967
2014-03-14,0.44275695289624495
2014-03-17,0.44375923679492746
2014-03-18,0.44666151350011235
2014-03-19,0.4447580233913165
2014-03-20,0.44371088955576854
2014-03-21,0.44345919885013696
2014-03-24,0.44292847653994294
2014-03-25,0.44470112903237285
2014-03-26,0.4425643528404587
2014-03-27,0.44158899836378374
2014-03-28,0.44187874245194875
2014-03-31,0.44435150144846397
2014-04-01,0.44422823436776837
2014-04-02,0.4438716427332358
2014-04-03,0.44206582378345655
2014-04-04,0.4404060958744868
2014-04-07,0.43989461624311366
2014-04-08,0.43929460335043163
2014-04-09,0.4393067609160115
2014-04-10,0.4391428723491998
2014-04-11,0.4390382258511692
2014-04-14,0.43827964343374376
2014-04-15,0.4384807981636974
2014-04-16,0.439435749651627
2014-04-17,0.4399656660532389
2014-04-18,0.4399656660532389
2014-04-21,0.4402632618006395
2014-04-22,0.4400241633796923
2014-04-23,0.4398091932914807
2014-04-24,0.4410210139865044
2014-04-25,0.4396683114132228
2014-04-28,0.4383370204976178
2014-04-29,0.43920030811765465
2014-04-30,0.44068521521312154
2014-05-01,0.4423929016290702
2014-05-02,0.4430624887273922
2014-05-05,0.44530912510751214
2014-05-06,0.4454529342022042
2014-05-07,0.4463617926115211
2014-05-08,0.44391718834966787
2014-05-09,0.4429586625096477
2014-05-12,0.44646010950593235
2014-05-13,0.4478662830930047
2014-05-14,0.44480204568960136
2014-05-15,0.4455465271052597
2014-05-16,0.4448209929587497
2014-05-19,0.44655549205940015
2014-05-20,0.44620257969628657
2014-05-21,0.44699080167181626
2014-05-22,0.44808514986745634
2014-05-23,0.4481346867236561
2014-05-26,0.4481346867236561
2014-05-27,0.44795309783957965
2014-05-28,0.44908814454195223
2014-05-29,0.45015574001838
2014-05-30,0.44878960412923335
2014-06-02,0.4481164785403805
2014-06-03,0.44928449615563054
2014-06-04,0.4527099068664818
2014-06-05,0.45200977197000636
2014-06-06,0.4500066693210012
2014-06-09,0.44829589629490985
2014-06-10,0.44950938150847747
2014-06-11,0.45030841357546264
2014-06-12,0.44880139774509165
2014-06-13,0.44871101387886203
2014-06-16,0.4479847134776604
2014-06-17,0.44816005877746645
2014-06-18,0.4473481509097549
2014-06-19,0.447074356562732
2014-06-20,0.4474358014612736
2014-06-23,0.4458440585197306
2014-06-24,0.4458208753833232
2014-06-25,0.4459210866704566
2014-06-26,0.4458906577934542
2014-06-27,0.44608379928133934
2014-06-30,0.4463313733509327
2014-07-01,0.4463961517821358
2014-07-02,0.44569063803858355
2014-07-03,0.44612154728497694
2014-07-04,0.44612154728497694
2014-07-07,0.44595199352152526
2014-07-08,0.4467723303487157
2014-07-09,0.44682694342324547
2014-07-10,0.4468435390724166
2014-07-11,0.44691092135227206
2014-07-14,0.4470408582994105
2014-07-15,0.44699993606111843
2014-07-16,0.4471926415749889
2014-07-17,0.4460037478511544
2014-07-18,0.4469484968780398
2014-07-21,0.44837848866187563
2014-07-22,0.44934054856094247
2014-07-23,0.44993848058503466
2014-07-24,0.44927965985185614
2014-07-25,0.4505606173990169
2014-07-28,0.45094126814951413
2014-07-29,0.4511425354108891
2014-07-30,0.4528115986218437
2014-07-31,0.4498514043734834
2014-08-01,0.4519491214888407
2014-08-04,0.45305353143670435
2014-08-05,0.455057746601319
2014-08-06,0.45441246915745714
2014-08-07,0.4525334902944261
2014-08-08,0.45087398495192854
2014-08-11,0.45443695307712123
2014-08-12,0.455459299000722
2014-08-13,0.4583096653147857
2014-08-14,0.4590939404352389
2014-08-15,0.45910795240473934
2014-08-18,0.46227711892022755
2014-08-19,0.4629340004881975
2014-08-20,0.4600573724776402
2014-08-21,0.4575170943961554
2014-08-22,0.4591218704367524
2014-08-25,0.459147218695218
2014-08-26,0.463220234978555
2014-08-27,0.4638001820357066
2014-08-28,0.46392078046094004
2014-08-29,0.4651647994752992
2014-09-01,0.4651647994752992
2014-09-02,0.47400368873633164
2014-09-03,0.4703526470486091
2014-09-04,0.47215013245912135
2014-09-05,0.47371781745205177
2014-09-08,0.4762433348670563
2014-09-09,0.4739887180281105
2014-09-10,0.47628045362785876
2014-09-11,0.4764482682121674
2014-09-12,0.4761329819010419
2014-09-15,0.4743307498847831
2014-09-16,0.476648375259538
2014-09-17,0.4763026000746854
2014-09-18,0.47508849601812203
2014-09-19,0.4749011770168841
2014-09-22,0.47486807992147906
2014-09-23,0.4748554581807152
2014-09-24,0.47500442524959785
2014-09-25,0.4741840618334152
2014-09-26,0.47427346942544907
2014-09-29,0.474818839289844
2014-09-30,0.47442825033667296
2014-10-01,0.47348456439018616
2014-10-02,0.47414380105709747
2014-10-03,0.47441717025556246
2014-10-06,0.47404248805429594
2014-10-07,0.4733555150856865
2014-10-08,0.47331737303745425
2014-10-09,0.47296205681944986
2014-10-10,0.47133009388996644
2014-10-13,0.4715539673987982
2014-10-14,0.47132270370452534
2014-10-15,0.4719654896449175
2014-10-16,0.4727308196902027
2014-10-17,0.4727029111496182
2014-10-20,0.47297511786685603
2014-10-21,0.47455056970798437
2014-10-22,0.4738549524635099
2014-10-23,0.47406340293727006
2014-10-24,0.47399299336004364
2014-10-27,0.4747900863976821
2014-10-28,0.4759579773311129
2014-10-29,0.4760964516792089
2014-10-30,0.4773453518834947
2014-10-31,0.47908787050893137
2014-11-03,0.4810177919627377
2014-11-04,0.4819559229004861
2014-11-05,0.4806324165119985
2014-11-06,0.48166204874052804
2014-11-07,0.48298873658407204
2014-11-10,0.484449239152584
2014-11-11,0.4849562439324152
2014-11-12,0.4866752058411433
2014-11-13,0.4838429670991592
2014-11-14,0.48335252490316105
2014-11-17,0.4819457393505463
2014-11-18,0.48233777770492287
2014-11-19,0.47928639152795605
2014-11-20,0.48112733283381615
2014-11-21,0.48002579463060024
2014-11-24,0.4849920341697944
2014-11-25,0.48530785674887256
2014-11-26,0.4872863516015309
2014-11-27,0.4872863516015309
2014-11-28,0.48922352440559497
2014-12-01,0.4877700786971896
2014-12-02,0.4911631335746404
2014-12-03,0.49126731813832564
2014-12-04,0.4904733834723707
2014-12-05,0.4911076871037548
2014-12-08,0.4900678935028988
2014-12-09,0.49168578475909314
2014-12-10,0.4923789276296221
2014-12-11,0.4934678787976684
2014-12-12,0.49717428804621583
2014-12-15,0.4982573544566011
2014-12-16,0.4982431894880463
2014-12-17,0.49887659510388294
2014-12-18,0.4993061439805792
2014-12-19,0.49831798312078546
2014-12-22,0.499179329099036
2014-12-23,0.49914111528460675
2014-12-24,0.4993217347243901
2014-12-25,0.4993217347243901
2014-12-26,0.4998339161225729
2014-12-29,0.4995354373628779
2014-12-30,0.49930253906116995
2014-12-31,0.4989698803691881
2015-01-01,0.4989698803691881
2015-01-02,0.4991106733837904
2015-01-05,0.4985843360388304
2015-01-06,0.4988696452771166
2015-01-07,0.4991100489098875
2015-01-08,0.4995178958378465
2015-01-09,0.4991565626388779
2015-01-12,0.4991469922362948
2015-01-13,0.49891983510204974
2015-01-14,0.4986187098096494
2015-01-15,0.49829645782883497
2015-01-16,0.4983302152884686
2015-01-19,0.4983302152884686
2015-01-20,0.49822719777068714
2015-01-21,0.4981338897277046
2015-01-22,0.49774878858447963
2015-01-23,0.4986466317899929
2015-01-26,0.4993838022027862
2015-01-27,0.49904620052032905
2015-01-28,0.49845274886312363
2015-01-29,0.4989681857216102
2015-01-30,0.49813091467271475
2015-02-02,0.4968921385389515
2015-02-03,0.49507386250048985
2015-02-04,0.4963429510192309
2015-02-05,0.4966315025378187
2015-02-06,0.4972357016156062
2015-02-09,0.49604775890344294
2015-02-10,0.4957901871327611
2015-02-11,0.4951632820023591
2015-02-12,0.4931384982324965
2015-02-13,0.4919912669909177
2015-02-16,0.4919912669909177
2015-02-17,0.4936193192737039
2015-02-18,0.4927355972743692
2015-02-19,0.4939612484887907
2015-02-20,0.4943434173284881
2015-02-23,0.493958839070726
2015-02-24,0.4944329866422512
2015-02-25,0.4959971502378212
2015-02-26,0.5008190580358527
2015-02-27,0.5001821904605138
2015-03-02,0.5039276587301472
2015-03-03,0.5043106320191723
2015-03-04,0.5073893775983647
2015-03-05,0.507084774091623
2015-03-06,0.5089699748420525
2015-03-09,0.5091834707481884
2015-03-10,0.5075116400878186
2015-03-11,0.5114682193352037
2015-03-12,0.5122709349824571
2015-03-13,0.5148915897437666
2015-03-16,0.5151086150840187
2015-03-17,0.517453273287857
2015-03-18,0.516504700999729
2015-03-19,0.5186171008549647
2015-03-20,0.5143370921190811
2015-03-23,0.5139085156699825
2015-03-24,0.516041261291213
2015-03-25,0.513402524962526
2015-03-26,0.5141391012434569
2015-03-27,0.5153804343113041
2015-03-30,0.5170729157365177
2015-03-31,0.5178518174703098
2015-04-01,0.5181907966755755
2015-04-02,0.5158210158714259
2015-04-03,0.5158210158714259
2015-04-06,0.5138977460085009
2015-04-07,0.5143624775052352
2015-04-08,0.5160844204193513
2015-04-09,0.5149699356237857
2015-04-10,0.5153262483907044
2015-04-13,0.5157089928946812
2015-04-14,0.5148618552841957
2015-04-15,0.5153958294787166
2015-04-16,0.5161848568037001
2015-04-17,0.5162075871275793
2015-04-20,0.5160422644739691
2015-04-21,0.5156275064464232
2015-04-22,0.515689610494055
2015-04-23,0.515673248293892
2015-04-24,0.5153839565819066
2015-04-27,0.5163334797951973
2015-04-28,0.5177548041388799
2015-04-29,0.5184187405741589
2015-04-30,0.518664488151893
2015-05-01,0.520032242791853
2015-05-04,0.522022828606018
2015-05-05,0.5206431554539914
2015-05-06,0.5215955122287912
2015-05-07,0.5212705804741791
2015-05-08,0.5212322971928578
2015-05-11,0.5251729986992827
2015-05-12,0.5277046377038864
2015-05-13,0.5273634115160828
2015-05-14,0.527341105227431
2015-05-15,0.5301892631163344
2015-05-18,0.5333132648098823
2015-05-19,0.5336154591769475
2015-05-20,0.5356529526965774
2015-05-21,0.5337425851196028
2015-05-22,0.5338198625331027
2015-05-25,0.5338198625331027
2015-05-26,0.5365877482167064
2015-05-27,0.5380297009739218
2015-05-28,0.5375779894759577
2015-05-29,0.5408691524719749
2015-06-01,0.5438096162279783
2015-06-02,0.5427029652071111
2015-06-03,0.5450347374224322
2015-06-04,0.5449963936693231
2015-06-05,0.5477312467626646
2015-06-08,0.5493064075998146
2015-06-09,0.5483028238980537
2015-06-10,0.5507994662633976
2015-06-11,0.5512859272301732
2015-06-12,0.5518175909177072
2015-06-15,0.5552303391602691
2015-06-16,0.5558078607407972
2015-06-17,0.556644494998738
2015-06-18,0.5563017381507561
2015-06-19,0.5573861170929529
2015-06-22,0.5559253885973877
2015-06-23,0.555943508656664
2015-06-24,0.5564463219791134
2015-06-25,0.5575102929909775
2015-06-26,0.5570403053341505
2015-06-29,0.5570977634414022
2015-06-30,0.557940731060993
2015-07-01,0.558351780916311
2015-07-02,0.5585586294079862
2015-07-03,0.5585586294079862
2015-07-06,0.5595528246354318
2015-07-07,0.559762709198687
2015-07-08,0.5598027267313874
2015-07-09,0.5590002710626811
2015-07-10,0.5590384050438456
2015-07-13,0.5591898294734692
2015-07-14,0.5584799958594586
2015-07-15,0.558731747749452
2015-07-16,0.5583975012475058
2015-07-17,0.5584126818846571
2015-07-20,0.5590496541683787
2015-07-21,0.5595189602907987
2015-07-22,0.5603832133288121
2015-07-23,0.5602202603033924
2015-07-24,0.5600873034308769
2015-07-27,0.5602712046928376
2015-07-28,0.5571461108732946
2015-07-29,0.5578000681776231
2015-07-30,0.5608452939398286
2015-07-31,0.5622933084978744
2015-08-03,0.5646132808394764
2015-08-04,0.5669078949332134
2015-08-05,0.5686185336833
2015-08-06,0.5643345798434459
2015-08-07,0.5678069586559604
2015-08-10,0.5675990810393597
2015-08-11,0.5731675226755097
2015-08-12,0.5703830297187091
2015-08-13,0.5733486250076179
2015-08-14,0.5749027901299104
2015-08-17,0.5783064211375878
2015-08-18,0.5780193045927411
2015-08-19,0.5791497235463053
2015-08-20,0.5736495905795834
2015-08-21,0.5757269087262162
2015-08-24,0.5731316017472825
2015-08-25,0.5795268284945129
2015-08-26,0.5772426472445167
2015-08-27,0.5724384647672204
2015-08-28,0.5750181964256257
2015-08-31,0.5762465042004855
2015-09-01,0.577284148153783
2015-09-02,0.5790898684350653
2015-09-03,0.5781820347694011
2015-09-04,0.5811387366059794
2015-09-07,0.5811387366059794
2015-09-08,0.5833590467194801
2015-09-09,0.5858179257328039
2015-09-10,0.5858733274975594
2015-09-11,0.5861420865487591
2015-09-14,0.5864481597401309
2015-09-15,0.587581952883502
2015-09-16,0.5868688578282255
2015-09-17,0.5882321064409902
2015-09-18,0.5891679018662491
2015-09-21,0.5888298903471336
2015-09-22,0.588244476548226
2015-09-23,0.5885708008079107
2015-09-24,0.5885509470869548
2015-09-25,0.5878167644832909
2015-09-28,0.5878947472899884
2015-09-29,0.5885331547344325
2015-09-30,0.5889718696394236
2015-10-01,0.5896275081687706
2015-10-02,0.5899995576694724
2015-10-05,0.5909672170776563
2015-10-06,0.5908963261598823
2015-10-07,0.5914628214241391
2015-10-08,0.5916015103179643
2015-10-09,0.5900844676002016
2015-10-12,0.5899136212394395
2015-10-13,0.5904455505278402
2015-10-14,0.5905738512985109
2015-10-15,0.5898206139960597
2015-10-16,0.589519421800127
2015-10-19,0.5899003896098504
2015-10-20,0.5901883718219647
2015-10-21,0.5899817978222287
2015-10-22,0.5893176532753365
2015-10-23,0.5913637452133378
2015-10-26,0.5883006717028773
2015-10-27,0.586249851891127
2015-10-28,0.5893423008122969
2015-10-29,0.5864226531847063
2015-10-30,0.58834013732947
2015-11-02,0.5940472194245229
2015-11-03,0.5956520173073756
2015-11-04,0.597644479396421
2015-11-05,0.5978365477737007
2015-11-06,0.5977990495083401
2015-11-09,0.5972514305935573
2015-11-10,0.5979973757615116
2015-11-11,0.5965732540017101
2015-11-12,0.5957199468406943
2015-11-13,0.5943238944399604
2015-11-16,0.594097095170969
2015-11-17,0.59746511895099
2015-11-18,0.6012294320280873
2015-11-19,0.6008326649028531
2015-11-20,0.6020988330602433
2015-11-23,0.6028292983200896
2015-11-24,0.6046209927204784
2015-11-25,0.6085406631295757
2015-11-26,0.6085406631295757
2015-11-27,0.6081699537970594
2015-11-30,0.6064766520300828
2015-12-01,0.6108553985778005
2015-12-02,0.6115386122493996
2015-12-03,0.6091347918757133
2015-12-04,0.6102788653908087
2015-12-07,0.6081290351371184
2015-12-08,0.609896490506133
2015-12-09,0.6081947604272482
2015-12-10,0.6086453512181058
2015-12-11,0.6088091070553033
2015-12-14,0.6077465586873935
2015-12-15,0.6084563036266734
2015-12-16,0.60823841208338
2015-12-17,0.6082805508904277
2015-12-18,0.6087198071201635
2015-12-21,0.6083481120970373
2015-12-22,0.608208775531322
2015-12-23,0.6085226761285687
2015-12-24,0.6086977005279104
2015-12-25,0.6086977005279104
2015-12-28,0.6087853108742205
2015-12-29,0.6089318108708348
2015-12-30,0.6088457599828891
2015-12-31,0.6081712790609367
2016-01-01,0.6081712790609367
2016-01-04,0.6069533201815948
2016-01-05,0.6071971750019525
2016-01-06,0.6079138554350729
2016-01-07,0.6080147578296176
2016-01-08,0.6080043052560832
2016-01-11,0.6083627904071092
2016-01-12,0.6081893475927398
2016-01-13,0.6078100064528537
2016-01-14,0.6081357621673658
2016-01-15,0.6081660111164575
2016-01-18,0.6081660111164575
2016-01-19,0.6082575999173918
2016-01-20,0.6084888176744877
2016-01-21,0.6097497312176885
2016-01-22,0.6105048946590808
2016-01-25,0.6116155562975467
2016-01-26,0.6115678796150033
2016-01-27,0.6109731907166941
2016-01-28,0.6105880255836378
2016-01-29,0.6096600828701557
2016-02-01,0.6102773519967832
2016-02-02,0.6123765473624754
2016-02-03,0.6123905313608432
2016-02-04,0.6118976676892302
2016-02-05,0.6085576287495449
2016-02-08,0.6122931871270546
2016-02-09,0.6109647814452982
2016-02-10,0.6119539660279696
2016-02-11,0.6160126716570141
2016-02-12,0.612251427780285
2016-02-15,0.612251427780285
2016-02-16,0.6142765576324852
2016-02-17,0.6150591563258488
2016-02-18,0.613563518245586
2016-02-19,0.6146495391476887
2016-02-22,0.611263753081219
2016-02-23,0.6154829945798742
2016-02-24,0.6183868840622158
2016-02-25,0.6172132449748027
2016-02-26,0.6162544460638473
2016-02-29,0.6216744381712305
2016-03-01,0.6187733433228776
2016-03-02,0.6214268894879238
2016-03-03,0.6202751284953061
2016-03-04,0.6192212148725278
2016-03-07,0.6204077656134941
2016-03-08,0.6172432541653062
2016-03-09,0.6188074673058122
2016-03-10,0.6180319349021938
2016-03-11,0.6168791871298261
2016-03-14,0.6163236734202804
2016-03-15,0.6126680718634788
2016-03-16,0.6134405290976684
2016-03-17,0.6131821477583677
2016-03-18,0.613973126226352
2016-03-21,0.6138190684474942
2016-03-22,0.6137230128243774
2016-03-23,0.6114602350509972
2016-03-24,0.6116132980018145
2016-03-25,0.6116132980018145
2016-03-28,0.6109163638522735
2016-03-29,0.6125392685855497
2016-03-30,0.6121249210529803
2016-03-31,0.6143308957987659
2016-04-01,0.6137753560165761
2016-04-04,0.6119504650695574
2016-04-05,0.6125143291043451
2016-04-06,0.6130350512491916
2016-04-07,0.6136176372958815
2016-04-08,0.6132040297605699
2016-04-11,0.6134062392409844
2016-04-12,0.6131598799799303
2016-04-13,0.6132766062812907
2016-04-14,0.6139964665573954
2016-04-15,0.6139791028255204
2016-04-18,0.6140162191561461
2016-04-19,0.6139619339389787
2016-04-20,0.6138318162721895
2016-04-21,0.6144133915985164
2016-04-22,0.6151138656349784
2016-04-25,0.6155902049839022
2016-04-26,0.6167978060122843
2016-04-27,0.6193921552195603
2016-04-28,0.6195144924769902
2016-04-29,0.6212463830577187
2016-05-02,0.6220581578495368
2016-05-03,0.6203544596119434
2016-05-04,0.6213020101905188
2016-05-05,0.6225485096539404
2016-05-06,0.6214102361116268
2016-05-09,0.6196245480182161
2016-05-10,0.6230109600479725
2016-05-11,0.6279861392144374
2016-05-12,0.6279005321052269
2016-05-13,0.6288468495666949
2016-05-16,0.6279718977644406
2016-05-17,0.6278251058645289
2016-05-18,0.6272215532411995
2016-05-19,0.6288157085016016
2016-05-20,0.6305792744551236
2016-05-23,0.6325821879465519
2016-05-24,0.6319839645268592
2016-05-25,0.6297177601493831
2016-05-26,0.6316699485433063
2016-05-27,0.6317127020921899
2016-05-30,0.6317127020921899
2016-05-31,0.6331564056220583
2016-06-01,0.6367032149757623
2016-06-02,0.63716553197549
2016-06-03,0.6376941664340688
2016-06-06,0.6373666450109441
2016-06-07,0.6377270325208482
2016-06-08,0.6390271135673875
2016-06-09,0.6407794218792194
2016-06-10,0.6360895481216683
2016-06-13,0.6371960459946181
2016-06-14,0.6393392428933293
2016-06-15,0.6410535737026435
2016-06-16,0.639264023376115
2016-06-17,0.638770979704532
2016-06-20,0.6392359831433525
2016-06-21,0.6386253978383009
2016-06-22,0.6389130555418685
2016-06-23,0.638946648394367
2016-06-24,0.6378213963088678
2016-06-27,0.6377919577050881
2016-06-28,0.63797623341453
2016-06-29,0.6385079123899935
2016-06-30,0.6391621132851429
2016-07-01,0.6387921642274392
2016-07-04,0.6387921642274392
2016-07-05,0.6394399792317765
2016-07-06,0.6394992459987403
2016-07-07,0.6393091816886468
2016-07-08,0.6393471240525308
2016-07-11,0.6398325101331961
2016-07-12,0.6391493758858381
2016-07-13,0.6388986812589541
2016-07-14,0.6389056857436637
2016-07-15,0.6390154322302044
2016-07-18,0.6394457241411038
2016-07-19,0.6393470267877006
2016-07-20,0.6393830334037459
2016-07-21,0.6397719788679039
2016-07-22,0.6401129523602594
2016-07-25,0.6402418998966019
2016-07-26,0.6410672141869641
2016-07-27,0.6414381039359843
2016-07-28,0.6413064425375861
2016-07-29,0.6415196255768137
2016-08-01,0.6419503780676872
2016-08-02,0.6437521161857771
2016-08-03,0.6447149684641279
2016-08-04,0.643503863699692
2016-08-05,0.6468080058662176
2016-08-08,0.6505612803078665
2016-08-09,0.6529219305701375
2016-08-10,0.6530154184403171
2016-08-11,0.6555781420790477
2016-08-12,0.6553232872376838
2016-08-15,0.66048571864871
2016-08-16,0.6606006319001583
2016-08-17,0.6586351396158562
2016-08-18,0.6629121580542288
2016-08-19,0.6622707468999681
2016-08-22,0.6591552788159694
2016-08-23,0.6614556007026161
2016-08-24,0.6568329624190018
2016-08-25,0.6570329485423921
2016-08-26,0.6606025512822128
2016-08-29,0.6601572194290654
2016-08-30,0.658459768102453
2016-08-31,0.6540548126234235
2016-09-01,0.6565924550325076
2016-09-02,0.6597981829081561
2016-09-05,0.6597981829081561
2016-09-06,0.6640017095858692
2016-09-07,0.6643664183420946
2016-09-08,0.6662631510326996
2016-09-09,0.6618104020206103
2016-09-12,0.663157699948774
2016-09-13,0.6590798731091067
2016-09-14,0.6605570482069637
2016-09-15,0.6622378267665979
2016-09-16,0.6641379266922968
2016-09-19,0.6648823311241479
2016-09-20,0.6645777459859821
2016-09-21,0.6656300205317466
2016-09-22,0.6652924136513094
2016-09-23,0.6644949074169433
2016-09-26,0.6652591471503179
2016-09-27,0.6660220003536086
2016-09-28,0.6654275319006618
2016-09-29,0.6657490064024921
2016-09-30,0.6650712507580623
2016-10-03,0.6646984891027385
2016-10-04,0.6652079444693063
2016-10-05,0.6655909174156661
2016-10-06,0.6645335765482544
2016-10-07,0.6647273411807428
2016-10-10,0.6649305552282595
2016-10-11,0.6645613990408733
2016-10-12,0.6648879700314261
2016-10-13,0.6642803816930318
2016-10-14,0.6640927033900638
2016-10-17,0.6638777147832727
2016-10-18,0.6631048179463092
2016-10-19,0.6636644654327243
2016-10-20,0.6642041444882473
2016-10-21,0.6641590002984976
2016-10-24,0.6647306460752912
2016-10-25,0.6650238001515713
2016-10-26,0.6657118279711915
2016-10-27,0.6641096671805581
2016-10-28,0.6655872125032615
2016-10-31,0.6650226105000568
2016-11-01,0.6639401993494287
2016-11-02,0.661004267760127
2016-11-03,0.6610498433071655
2016-11-04,0.6614904591779187
2016-11-07,0.6637437207403802
2016-11-08,0.6653652467028528
2016-11-09,0.6677442150824296
2016-11-10,0.6683572466582436
2016-11-11,0.6724916324239185
2016-11-14,0.6718387166558829
2016-11-15,0.675767004556367
2016-11-16,0.6755632113636112
2016-11-17,0.6785844374185864
2016-11-18,0.6822094933574014
2016-11-21,0.6797696456357664
2016-11-22,0.6765034318355365
2016-11-23,0.6790938789228791
2016-11-24,0.6790938789228791
2016-11-25,0.6774608801838382
2016-11-28,0.674106267311798
2016-11-29,0.6739910347069447
2016-11-30,0.6805275229158525
2016-12-01,0.6690223329284337
2016-12-02,0.6716990781595629
2016-12-05,0.6740410075690814
2016-12-06,0.6775489115932474
2016-12-07,0.6777298973971998
2016-12-08,0.6770494202671238
2016-12-09,0.6714564145861198
2016-12-12,0.6703543158477415
2016-12-13,0.6700526058719326
2016-12-14,0.6711314426129987
2016-12-15,0.6709099123535056
2016-12-16,0.6706201414391618
2016-12-19,0.6696290013140394
2016-12-20,0.6706237918516779
2016-12-21,0.6701414998028505
2016-12-22,0.6679971481535617
2016-12-23,0.667459963385177
2016-12-26,0.667459963385177
2016-12-27,0.6679353293701452
2016-12-28,0.6676236031146117
2016-12-29,0.6668546223934068
2016-12-30,0.6664402988724379
2017-01-02,0.6664402988724379
2017-01-03,0.6660413466618257
2017-01-04,0.6659809869808984
2017-01-05,0.6653612697079748
2017-01-06,0.6645988305823335
2017-01-09,0.66470189854892
2017-01-10,0.6645606059892866
2017-01-11,0.6646945007038156
2017-01-12,0.6639340270233733
2017-01-13,0.6637754993747851
2017-01-16,0.6637754993747851
2017-01-17,0.6637539021491627
2017-01-18,0.6640326698823852
2017-01-19,0.6638860609499235
2017-01-20,0.6640264598040796
2017-01-23,0.6639938399909124
2017-01-24,0.6641823018487327
2017-01-25,0.6637310725439135
2017-01-26,0.6633075864993134
2017-01-27,0.6642009574334143
2017-01-30,0.6637029870225601
2017-01-31,0.663190031641014
2017-02-01,0.6656101645108047
2017-02-02,0.6653194863423348
2017-02-03,0.6662375792974339
2017-02-06,0.6672736990038047
2017-02-07,0.6677984909446683
2017-02-08,0.6642712379312427
2017-02-09,0.6643628086084328
2017-02-10,0.6651034516885224
2017-02-13,0.6656696124127808
2017-02-14,0.6633879738717537
2017-02-15,0.663424028818195
2017-02-16,0.6629769270786268
2017-02-17,0.6594812191538942
2017-02-20,0.6594812191538942
2017-02-21,0.6620877971466707
2017-02-22,0.6626419961528905
2017-02-23,0.6595944493218323
2017-02-24,0.6575172053107357
2017-02-27,0.6610024990589345
2017-02-28,0.6588533694325944
2017-03-01,0.6647261383123595
2017-03-02,0.6629368944227778
2017-03-03,0.6648527349421013
2017-03-06,0.6664840950566034
2017-03-07,0.6703586979631249
2017-03-08,0.6657358100642476
2017-03-09,0.6661106514016322
2017-03-10,0.6670988382308278
2017-03-13,0.6700029101761342
2017-03-14,0.6701119709298831
2017-03-15,0.6744407418752545
2017-03-16,0.673114866546871
2017-03-17,0.6749352710293072
2017-03-20,0.6768821435601714
2017-03-21,0.6756358691538092
2017-03-22,0.677417704417001
2017-03-23,0.6782229738967205
2017-03-24,0.6789025953184048
2017-03-27,0.679275779539616
2017-03-28,0.6800115230241842
2017-03-29,0.6802482340760753
2017-03-30,0.6814287764002652
2017-03-31,0.6831263306294797
2017-04-03,0.6843214231437319
2017-04-04,0.6855559169264995
2017-04-05,0.6841911710626317
2017-04-06,0.6840494365201506
2017-04-07,0.683686498207641
2017-04-10,0.6826916151836875
2017-04-11,0.6838935952892435
2017-04-12,0.6834429531842005
2017-04-13,0.6841861701614361
2017-04-14,0.6841861701614361
2017-04-17,0.684032017072108
2017-04-18,0.6841418433677424
2017-04-19,0.6857008427410469
2017-04-20,0.6855633626005997
2017-04-21,0.6860038959208741
2017-04-24,0.6868922387468583
2017-04-25,0.6863043642838227
2017-04-26,0.6868646654424315
2017-04-27,0.6855310033625396
2017-04-28,0.6843382329195754
2017-05-01,0.6887306072108167
2017-05-02,0.6883135763208116
2017-05-03,0.6907060224275224
2017-05-04,0.6862297967963795
2017-05-05,0.6872322425426811
2017-05-08,0.6864033653511272
2017-05-09,0.6890146172056195
2017-05-10,0.6897813666704619
2017-05-11,0.690118340021524
2017-05-12,0.6923804583639805
2017-05-15,0.6936912650425395
2017-05-16,0.6966149496043863
2017-05-17,0.6846672909817084
2017-05-18,0.687723897165698
2017-05-19,0.6886481480785013
2017-05-22,0.6919211432081106
2017-05-23,0.6882336582180201
2017-05-24,0.6892740638983181
2017-05-25,0.6904272603160148
2017-05-26,0.6928756492555549
2017-05-29,0.6928756492555549
2017-05-30,0.6914043535622392
2017-05-31,0.6908907368939183
2017-06-01,0.694526853166997
2017-06-02,0.6982355065928524
2017-06-05,0.6966219614771648
2017-06-06,0.6998594899959014
2017-06-07,0.7005270924596044
2017-06-08,0.704234394596661
2017-06-09,0.6909674291932894
2017-06-12,0.6880750380712218
2017-06-13,0.6925374782213345
2017-06-14,0.6920461723116004
2017-06-15,0.6923058237087435
2017-06-16,0.6938513945137795
2017-06-19,0.6942045084267576
2017-06-20,0.6938418730910497
2017-06-21,0.6961083817921603
2017-06-22,0.6959200430710762
2017-06-23,0.6974029150530585
2017-06-26,0.696310474955336
2017-06-27,0.6951147761422986
2017-06-28,0.6957418340380312
2017-06-29,0.6948643632401039
2017-06-30,0.6946581021155864
2017-07-03,0.6942906953231115
2017-07-04,0.6942906953231115
2017-07-05,0.6947241401102854
2017-07-06,0.6949666685285758
2017-07-07,0.6954298516832117
2017-07-10,0.6954436083373441
2017-07-11,0.6965311399513103
2017-07-12,0.697142103763423
2017-07-13,0.6964476189036505
2017-07-14,0.6962373820082237
2017-07-17,0.6964963772873638
2017-07-18,0.6961244511880181
2017-07-19,0.6961804670941097
2017-07-20,0.6963697195836023
2017-07-21,0.6960829308019475
2017-07-24,0.6967202637965714
2017-07-25,0.6971314010641546
2017-07-26,0.6984162753104906
2017-07-27,0.6966419097898902
2017-07-28,0.696329222876884
2017-07-31,0.6977766641950339
2017-08-01,0.6970615552435387
2017-08-02,0.6949837598031421
2017-08-03,0.6984942503646397
2017-08-04,0.6984094750369038
2017-08-07,0.7036393415289819
2017-08-08,0.7044015341747505
2017-08-09,0.7039634533369581
2017-08-10,0.7016870814165033
2017-08-11,0.7055657966965568
2017-08-14,0.7081927339676825
2017-08-15,0.7096371239582919
2017-08-16,0.7083003336791835
2017-08-17,0.7086810818985866
2017-08-18,0.7103146181723936
2017-08-21,0.7102526832458445
2017-08-22,0.711423003356406
2017-08-23,0.7149542876007604
2017-08-24,0.7152977947764726
2017-08-25,0.7151198799995567
2017-08-28,0.7192986293036128
2017-08-29,0.7224894877921944
2017-08-30,0.7266153452965156
2017-08-31,0.7265339059604154
2017-09-01,0.7276757716662009
2017-09-04,0.7276757716662009
2017-09-05,0.7271643377627511
2017-09-06,0.7248270437689863
2017-09-07,0.7297245679155476
2017-09-08,0.7310345764705579
2017-09-11,0.731310779263896
2017-09-12,0.7286617220433791
2017-09-13,0.7287967425404459
2017-09-14,0.7309123704529148
2017-09-15,0.7298349504297942
2017-09-18,0.7325108657342042
2017-09-19,0.7353401540207027
2017-09-20,0.7331273323131658
2017-09-21,0.7342771831902477
2017-09-22,0.7355321390702548
2017-09-25,0.7346761459409223
2017-09-26,0.7346733578508843
2017-09-27,0.7367790982327291
2017-09-28,0.7373479034993774
2017-09-29,0.7377609201166444
2017-10-02,0.7380169423924576
2017-10-03,0.7380967166526675
2017-10-04,0.7375494710832765
2017-10-05,0.7380846098071928
2017-10-06,0.7385956823627184
2017-10-09,0.7383051597927889
2017-10-10,0.7381757300332167
2017-10-11,0.738253493602333
2017-10-12,0.7382689862386875
2017-10-13,0.7381228708998597
2017-10-16,0.7380300760756214
2017-10-17,0.7377750012048856
2017-10-18,0.7382453795874357
2017-10-19,0.7384497210246282
2017-10-20,0.738641108707817
2017-10-23,0.7389292476163447
2017-10-24,0.7384453226317792
2017-10-25,0.736976320952756
2017-10-26,0.7384752406519316
2017-10-27,0.7410253646069893
2017-10-30,0.7428239963664608
2017-10-31,0.7447341564933719
2017-11-01,0.7473872794542817
2017-11-02,0.7502331796895552
2017-11-03,0.753787682841993
2017-11-06,0.7596181235589315
2017-11-07,0.7609593095535361
2017-11-08,0.7625379989629074
2017-11-09,0.761503187350115
2017-11-10,0.761480210809786
2017-11-13,0.7608050279340488
2017-11-14,0.7603541878381886
2017-11-15,0.7595289665393365
2017-11-16,0.7638996206479299
2017-11-17,0.7646424651249981
2017-11-20,0.7687950727562743
2017-11-21,0.7759593373209581
2017-11-22,0.7749402240624722
2017-11-23,0.7749402240624722
2017-11-24,0.7784095108307983
2017-11-27,0.770653086354795
2017-11-28,0.7665916327659252
2017-11-29,0.7492693070796752
2017-11-30,0.7517462481843757
2017-12-01,0.7528018759040777
2017-12-04,0.7369581525978708
2017-12-05,0.7397708858468455
2017-12-06,0.7362250640026332
2017-12-07,0.7411388494721376
2017-12-08,0.7439896309203381
2017-12-11,0.7441564757187107
2017-12-12,0.7380549893819017
2017-12-13,0.7419815225741705
2017-12-14,0.7423453663394148
2017-12-15,0.741062137711147
2017-12-18,0.7420761065465789
2017-12-19,0.7424244649666998
2017-12-20,0.7411262305541307
2017-12-21,0.7402721594354176
2017-12-22,0.7407226540522994
2017-12-25,0.7407226540522994
2017-12-26,0.7422612484816694
2017-12-27,0.7414948692271986
2017-12-28,0.7416350014357572
2017-12-29,0.7412054383679207
