01/01/2007,1
02/01/2007,1
03/01/2007,1
04/01/2007,1
05/01/2007,1
08/01/2007,0.999799195
09/01/2007,0.999725454
10/01/2007,0.999461098
11/01/2007,0.999509771
12/01/2007,0.999625725
15/01/2007,0.999625725
16/01/2007,1.00E+00
17/01/2007,0.999893165
18/01/2007,0.999102309
19/01/2007,0.999346482
22/01/2007,0.999404393
23/01/2007,0.998837885
24/01/2007,0.998380262
25/01/2007,0.998479991
26/01/2007,0.998787877
29/01/2007,1.000316066
30/01/2007,1.001260782
31/01/2007,1.001872828
01/02/2007,1.00360675
02/02/2007,1.003578224
05/02/2007,1.005345564
06/02/2007,1.006218511
07/02/2007,1.00721652
08/02/2007,1.008394057
09/02/2007,1.005785139
12/02/2007,1.006436897
13/02/2007,1.006143684
14/02/2007,1.007992231
15/02/2007,1.011012393
16/02/2007,1.011711055
19/02/2007,1.011711055
20/02/2007,1.017093519
21/02/2007,1.020272601
22/02/2007,1.015723563
23/02/2007,1.018437383
26/02/2007,1.017847524
27/02/2007,1.011801107
28/02/2007,1.014514111
01/03/2007,1.014262721
02/03/2007,1.009281711
05/03/2007,1.008305457
06/03/2007,1.015982736
07/03/2007,1.0173128
08/03/2007,1.020814039
09/03/2007,1.022567547
12/03/2007,1.025230465
13/03/2007,1.022730719
14/03/2007,1.023913712
15/03/2007,1.025716834
16/03/2007,1.027710842
19/03/2007,1.028148819
20/03/2007,1.0288848
21/03/2007,1.028437931
22/03/2007,1.030939975
23/03/2007,1.031056484
26/03/2007,1.029820916
27/03/2007,1.029305444
28/03/2007,1.029318551
29/03/2007,1.028329131
30/03/2007,1.03028348
02/04/2007,1.029794223
03/04/2007,1.030235112
04/04/2007,1.030347122
05/04/2007,1.03044444
06/04/2007,1.03044444
09/04/2007,1.030501297
10/04/2007,1.029657746
11/04/2007,1.029379266
12/04/2007,1.02926386
13/04/2007,1.029287145
16/04/2007,1.02945544
17/04/2007,1.029258903
18/04/2007,1.029042815
19/04/2007,1.028870605
20/04/2007,1.028822167
23/04/2007,1.030093606
24/04/2007,1.029776853
25/04/2007,1.029305077
26/04/2007,1.029054618
27/04/2007,1.028593043
30/04/2007,1.027495209
01/05/2007,1.029658239
02/05/2007,1.03058971
03/05/2007,1.030573517
04/05/2007,1.031662526
07/05/2007,1.03209641
08/05/2007,1.033772203
09/05/2007,1.036047954
10/05/2007,1.034379953
11/05/2007,1.036527527
14/05/2007,1.035920976
15/05/2007,1.0352458
16/05/2007,1.034109506
17/05/2007,1.034446618
18/05/2007,1.036816862
21/05/2007,1.040271755
22/05/2007,1.038714785
23/05/2007,1.037162571
24/05/2007,1.033426234
25/05/2007,1.037321827
28/05/2007,1.037321827
29/05/2007,1.041253938
30/05/2007,1.04235231
31/05/2007,1.044580096
01/06/2007,1.045612264
04/06/2007,1.046905611
05/06/2007,1.046885614
06/06/2007,1.046576433
07/06/2007,1.044567822
08/06/2007,1.044748326
11/06/2007,1.046755634
12/06/2007,1.047772732
13/06/2007,1.048536715
14/06/2007,1.049281166
15/06/2007,1.049476051
18/06/2007,1.050018827
19/06/2007,1.049587855
20/06/2007,1.049356472
21/06/2007,1.049427112
22/06/2007,1.050031746
25/06/2007,1.049135094
26/06/2007,1.049180893
27/06/2007,1.049444414
28/06/2007,1.050193615
29/06/2007,1.050419011
02/07/2007,1.049968886
03/07/2007,1.050004745
04/07/2007,1.050004745
05/07/2007,1.050496138
06/07/2007,1.050679542
09/07/2007,1.050354142
10/07/2007,1.049690125
11/07/2007,1.049322033
12/07/2007,1.049567533
13/07/2007,1.049398644
16/07/2007,1.04946434
17/07/2007,1.049250079
18/07/2007,1.049032034
19/07/2007,1.048461771
20/07/2007,1.047945255
23/07/2007,1.049090941
24/07/2007,1.048087726
25/07/2007,1.048209096
26/07/2007,1.048813674
27/07/2007,1.048101487
30/07/2007,1.050303658
31/07/2007,1.050398102
01/08/2007,1.051054874
02/08/2007,1.054342612
03/08/2007,1.055225352
06/08/2007,1.051072085
07/08/2007,1.048357
08/08/2007,1.035106987
09/08/2007,1.029064558
10/08/2007,1.03638414
13/08/2007,1.040260569
14/08/2007,1.040752998
15/08/2007,1.039122665
16/08/2007,1.040699157
17/08/2007,1.038103929
20/08/2007,1.045298934
21/08/2007,1.04593963
22/08/2007,1.046953064
23/08/2007,1.042662484
24/08/2007,1.046011491
27/08/2007,1.044569916
28/08/2007,1.040805497
29/08/2007,1.044320716
30/08/2007,1.044948979
31/08/2007,1.046890832
03/09/2007,1.046890832
04/09/2007,1.049165972
05/09/2007,1.052587843
06/09/2007,1.054255257
07/09/2007,1.053432185
10/09/2007,1.053143559
11/09/2007,1.055129002
12/09/2007,1.055524263
13/09/2007,1.055547236
14/09/2007,1.055344202
17/09/2007,1.056383573
18/09/2007,1.057346456
19/09/2007,1.056815123
20/09/2007,1.057079405
21/09/2007,1.056706886
24/09/2007,1.056842408
25/09/2007,1.057332969
26/09/2007,1.057811617
27/09/2007,1.057680071
28/09/2007,1.057230397
01/10/2007,1.056736798
02/10/2007,1.057298507
03/10/2007,1.057343685
04/10/2007,1.057429973
05/10/2007,1.057666713
08/10/2007,1.057899166
09/10/2007,1.05738721
10/10/2007,1.057851658
11/10/2007,1.057546044
12/10/2007,1.058386247
15/10/2007,1.058539831
16/10/2007,1.058987881
17/10/2007,1.059325806
18/10/2007,1.060374652
19/10/2007,1.060727346
22/10/2007,1.060483286
23/10/2007,1.062183078
24/10/2007,1.062312013
25/10/2007,1.063392659
26/10/2007,1.062318889
29/10/2007,1.062389538
30/10/2007,1.061526086
31/10/2007,1.062695836
01/11/2007,1.064438922
02/11/2007,1.066687568
05/11/2007,1.070714714
06/11/2007,1.075363249
07/11/2007,1.081972171
08/11/2007,1.078682166
09/11/2007,1.073574851
12/11/2007,1.069919558
13/11/2007,1.066266261
14/11/2007,1.067882912
15/11/2007,1.070238165
16/11/2007,1.070697447
19/11/2007,1.074432187
20/11/2007,1.072697726
21/11/2007,1.070493507
22/11/2007,1.070493507
23/11/2007,1.069286777
26/11/2007,1.075576691
27/11/2007,1.073756705
28/11/2007,1.071730439
29/11/2007,1.073380095
30/11/2007,1.066176056
03/12/2007,1.067990767
04/12/2007,1.074393188
05/12/2007,1.077274183
06/12/2007,1.077387701
07/12/2007,1.075404759
10/12/2007,1.073709813
11/12/2007,1.074659553
12/12/2007,1.076370673
13/12/2007,1.078817175
14/12/2007,1.082640676
17/12/2007,1.081715276
18/12/2007,1.081178591
19/12/2007,1.083236302
20/12/2007,1.083200481
21/12/2007,1.083951302
24/12/2007,1.082865398
25/12/2007,1.082865398
26/12/2007,1.083912642
27/12/2007,1.083655516
28/12/2007,1.084165684
31/12/2007,1.083990435
01/01/2008,1.083990435
02/01/2008,1.083983172
03/01/2008,1.083773224
04/01/2008,1.083848172
07/01/2008,1.083140885
08/01/2008,1.083606464
09/01/2008,1.083690116
10/01/2008,1.083531193
11/01/2008,1.083523796
14/01/2008,1.084338331
15/01/2008,1.083760272
16/01/2008,1.082735544
17/01/2008,1.082014622
18/01/2008,1.082055383
21/01/2008,1.082055383
22/01/2008,1.081074738
23/01/2008,1.078562532
24/01/2008,1.078596179
25/01/2008,1.078189176
28/01/2008,1.077911348
29/01/2008,1.077596622
30/01/2008,1.077537778
31/01/2008,1.078050754
01/02/2008,1.07783153
04/02/2008,1.077991851
05/02/2008,1.077169866
06/02/2008,1.076960903
07/02/2008,1.077179103
08/02/2008,1.079206014
11/02/2008,1.081159557
12/02/2008,1.0781535
13/02/2008,1.080327837
14/02/2008,1.079345112
15/02/2008,1.077706606
18/02/2008,1.077706606
19/02/2008,1.078244445
20/02/2008,1.079111913
21/02/2008,1.078774846
22/02/2008,1.077643854
25/02/2008,1.081252359
26/02/2008,1.082548066
27/02/2008,1.082306028
28/02/2008,1.082794292
29/02/2008,1.082950804
03/03/2008,1.082795836
04/03/2008,1.081459063
05/03/2008,1.083015103
06/03/2008,1.082356886
07/03/2008,1.080808292
10/03/2008,1.080250172
11/03/2008,1.080334807
12/03/2008,1.083028235
13/03/2008,1.086381277
14/03/2008,1.08642113
17/03/2008,1.084872826
18/03/2008,1.083061315
19/03/2008,1.081268833
20/03/2008,1.07840515
21/03/2008,1.07840515
24/03/2008,1.081075299
25/03/2008,1.082767603
26/03/2008,1.084812891
27/03/2008,1.084386802
28/03/2008,1.084579861
31/03/2008,1.083344554
01/04/2008,1.080920399
02/04/2008,1.081645833
03/04/2008,1.082677177
04/04/2008,1.082635813
07/04/2008,1.082534534
08/04/2008,1.082445573
09/04/2008,1.080336922
10/04/2008,1.081693761
11/04/2008,1.081353035
14/04/2008,1.082513579
15/04/2008,1.082617779
16/04/2008,1.083552596
17/04/2008,1.083278798
18/04/2008,1.083515325
21/04/2008,1.085968777
22/04/2008,1.086157802
23/04/2008,1.085311434
24/04/2008,1.086395366
25/04/2008,1.087402918
28/04/2008,1.090056009
29/04/2008,1.088424251
30/04/2008,1.089571159
01/05/2008,1.089361144
02/05/2008,1.08638186
05/05/2008,1.093976048
06/05/2008,1.099780039
07/05/2008,1.102793715
08/05/2008,1.109029509
09/05/2008,1.114039892
12/05/2008,1.113381787
13/05/2008,1.124520348
14/05/2008,1.117602795
15/05/2008,1.121110661
16/05/2008,1.130613997
19/05/2008,1.124254711
20/05/2008,1.139196905
21/05/2008,1.139789899
22/05/2008,1.135489043
23/05/2008,1.1371674
26/05/2008,1.1371674
27/05/2008,1.138240241
28/05/2008,1.148995321
29/05/2008,1.136153379
30/05/2008,1.151992215
02/06/2008,1.169024573
03/06/2008,1.170401587
04/06/2008,1.169444199
05/06/2008,1.184885709
06/06/2008,1.197876964
09/06/2008,1.208069958
10/06/2008,1.194482889
11/06/2008,1.206478635
12/06/2008,1.195858191
13/06/2008,1.198401479
16/06/2008,1.207848239
17/06/2008,1.221642095
18/06/2008,1.224431371
19/06/2008,1.221789253
20/06/2008,1.223477508
23/06/2008,1.224560823
24/06/2008,1.222656609
25/06/2008,1.222302142
26/06/2008,1.222438223
27/06/2008,1.223469762
30/06/2008,1.223430212
01/07/2008,1.223055568
02/07/2008,1.222189751
03/07/2008,1.221766703
04/07/2008,1.221766703
07/07/2008,1.22294211
08/07/2008,1.222592696
09/07/2008,1.222620081
10/07/2008,1.22234495
11/07/2008,1.222571684
14/07/2008,1.223712695
15/07/2008,1.223403449
16/07/2008,1.221288955
17/07/2008,1.220434206
18/07/2008,1.220080426
21/07/2008,1.219581997
22/07/2008,1.22115736
23/07/2008,1.219977853
24/07/2008,1.221465547
25/07/2008,1.22117833
28/07/2008,1.222292804
29/07/2008,1.224133029
30/07/2008,1.224087173
31/07/2008,1.224537946
01/08/2008,1.226300644
04/08/2008,1.226107349
05/08/2008,1.222465794
06/08/2008,1.219216156
07/08/2008,1.216762383
08/08/2008,1.216844302
11/08/2008,1.217315428
12/08/2008,1.216265096
13/08/2008,1.220743039
14/08/2008,1.219001848
15/08/2008,1.217457257
18/08/2008,1.219048293
19/08/2008,1.219604138
20/08/2008,1.221066777
21/08/2008,1.218941305
22/08/2008,1.220651305
25/08/2008,1.221580745
26/08/2008,1.22111164
27/08/2008,1.220516671
28/08/2008,1.222344705
29/08/2008,1.224429087
01/09/2008,1.224429087
02/09/2008,1.229417576
03/09/2008,1.23688486
04/09/2008,1.23288685
05/09/2008,1.231506776
08/09/2008,1.234007023
09/09/2008,1.236077816
10/09/2008,1.237665669
11/09/2008,1.235287988
12/09/2008,1.233815145
15/09/2008,1.236599229
16/09/2008,1.239756753
17/09/2008,1.23757128
18/09/2008,1.237169068
19/09/2008,1.241873892
22/09/2008,1.242122051
23/09/2008,1.242924149
24/09/2008,1.242466282
25/09/2008,1.242746441
26/09/2008,1.242744918
29/09/2008,1.243150862
30/09/2008,1.243013599
01/10/2008,1.242793557
02/10/2008,1.240959841
03/10/2008,1.241724052
06/10/2008,1.241160946
07/10/2008,1.241996842
08/10/2008,1.242155514
09/10/2008,1.240138567
10/10/2008,1.240751764
13/10/2008,1.238928376
14/10/2008,1.239901943
15/10/2008,1.239465928
16/10/2008,1.239577707
17/10/2008,1.239747256
20/10/2008,1.240553369
21/10/2008,1.241279088
22/10/2008,1.240886787
23/10/2008,1.241403433
24/10/2008,1.240167222
27/10/2008,1.240747621
28/10/2008,1.240176399
29/10/2008,1.238996953
30/10/2008,1.238160703
31/10/2008,1.239657115
03/11/2008,1.240647636
04/11/2008,1.238117539
05/11/2008,1.238201895
06/11/2008,1.241475783
07/11/2008,1.241295463
10/11/2008,1.242593083
11/11/2008,1.242460832
12/11/2008,1.24247818
13/11/2008,1.241674462
14/11/2008,1.243255781
17/11/2008,1.245254856
18/11/2008,1.245902675
19/11/2008,1.247195535
20/11/2008,1.246818651
21/11/2008,1.244863088
24/11/2008,1.246060514
25/11/2008,1.248031492
26/11/2008,1.246937381
27/11/2008,1.246937381
28/11/2008,1.246730528
01/12/2008,1.248226707
02/12/2008,1.247639147
03/12/2008,1.248148764
04/12/2008,1.246519547
05/12/2008,1.245091425
08/12/2008,1.245226824
09/12/2008,1.245214894
10/12/2008,1.245656929
11/12/2008,1.246687711
12/12/2008,1.247191371
15/12/2008,1.246987548
16/12/2008,1.246597833
17/12/2008,1.247749275
18/12/2008,1.248367662
19/12/2008,1.248734666
22/12/2008,1.24863654
23/12/2008,1.248993802
24/12/2008,1.248606719
25/12/2008,1.248606719
26/12/2008,1.248842734
29/12/2008,1.248749097
30/12/2008,1.248862888
31/12/2008,1.248833569
01/01/2009,1.248833569
02/01/2009,1.248751528
05/01/2009,1.248597059
06/01/2009,1.250597968
07/01/2009,1.248384635
08/01/2009,1.247966328
09/01/2009,1.249231426
12/01/2009,1.249933546
13/01/2009,1.247281226
14/01/2009,1.246595678
15/01/2009,1.249473406
16/01/2009,1.250584542
19/01/2009,1.250584542
20/01/2009,1.253967881
21/01/2009,1.249382996
22/01/2009,1.248464497
23/01/2009,1.246860832
26/01/2009,1.243496511
27/01/2009,1.242152284
28/01/2009,1.239309369
29/01/2009,1.247334657
30/01/2009,1.24711657
02/02/2009,1.254097163
03/02/2009,1.259391003
04/02/2009,1.261912173
05/02/2009,1.259893085
06/02/2009,1.250852678
09/02/2009,1.25256695
10/02/2009,1.260484123
11/02/2009,1.260318841
12/02/2009,1.260239389
13/02/2009,1.264319363
16/02/2009,1.264319363
17/02/2009,1.273399787
18/02/2009,1.274289957
19/02/2009,1.267352993
20/02/2009,1.278741829
23/02/2009,1.282998488
24/02/2009,1.275845476
25/02/2009,1.281076676
26/02/2009,1.276050162
27/02/2009,1.288485181
02/03/2009,1.285288088
03/03/2009,1.288462172
04/03/2009,1.287580504
05/03/2009,1.294916861
06/03/2009,1.296034014
09/03/2009,1.297438831
10/03/2009,1.295051951
11/03/2009,1.291014679
12/03/2009,1.288311998
13/03/2009,1.284913516
16/03/2009,1.277200116
17/03/2009,1.283467752
18/03/2009,1.280153643
19/03/2009,1.275245285
20/03/2009,1.273058669
23/03/2009,1.269048524
24/03/2009,1.268122241
25/03/2009,1.270075372
26/03/2009,1.273617227
27/03/2009,1.271106108
30/03/2009,1.276093307
31/03/2009,1.27460801
01/04/2009,1.273722802
02/04/2009,1.275067825
03/04/2009,1.274042697
06/04/2009,1.274365496
07/04/2009,1.271993569
08/04/2009,1.273890918
09/04/2009,1.273632461
10/04/2009,1.273632461
13/04/2009,1.275468769
14/04/2009,1.273282516
15/04/2009,1.271906971
16/04/2009,1.273306285
17/04/2009,1.276115762
20/04/2009,1.275886522
21/04/2009,1.276595317
22/04/2009,1.278254096
23/04/2009,1.276198599
24/04/2009,1.276691795
27/04/2009,1.272899563
28/04/2009,1.273566005
29/04/2009,1.275104252
30/04/2009,1.278158353
01/05/2009,1.270759633
04/05/2009,1.282859742
05/05/2009,1.284251339
06/05/2009,1.268068162
07/05/2009,1.247002164
08/05/2009,1.250359936
11/05/2009,1.246787467
12/05/2009,1.220702881
13/05/2009,1.18856611
14/05/2009,1.208553462
15/05/2009,1.209823079
18/05/2009,1.229023544
19/05/2009,1.244390495
20/05/2009,1.245236095
21/05/2009,1.235002359
22/05/2009,1.234641317
25/05/2009,1.234641317
26/05/2009,1.248297139
27/05/2009,1.256726792
28/05/2009,1.25057348
29/05/2009,1.2577135
01/06/2009,1.279748402
02/06/2009,1.280509774
03/06/2009,1.268953731
04/06/2009,1.274336598
05/06/2009,1.274504321
08/06/2009,1.266421353
09/06/2009,1.27957921
10/06/2009,1.272940211
11/06/2009,1.270664688
12/06/2009,1.263900395
15/06/2009,1.266513542
16/06/2009,1.258570304
17/06/2009,1.259763671
18/06/2009,1.254709706
19/06/2009,1.256390995
22/06/2009,1.258852953
23/06/2009,1.254161507
24/06/2009,1.255566507
25/06/2009,1.257175966
26/06/2009,1.256431512
29/06/2009,1.256185913
30/06/2009,1.259161072
01/07/2009,1.25760519
02/07/2009,1.257284034
03/07/2009,1.257284034
06/07/2009,1.256673271
07/07/2009,1.257245016
08/07/2009,1.257146123
09/07/2009,1.25677772
10/07/2009,1.256918393
13/07/2009,1.25656703
14/07/2009,1.257772533
15/07/2009,1.257441686
16/07/2009,1.257473092
17/07/2009,1.257611362
20/07/2009,1.258074358
21/07/2009,1.258004603
22/07/2009,1.259018361
23/07/2009,1.258784485
24/07/2009,1.258817318
27/07/2009,1.258923446
28/07/2009,1.25699926
29/07/2009,1.256323801
30/07/2009,1.255244105
31/07/2009,1.258219005
03/08/2009,1.261476788
04/08/2009,1.262235712
05/08/2009,1.25410722
06/08/2009,1.245223754
07/08/2009,1.251138566
10/08/2009,1.251193477
11/08/2009,1.251168253
12/08/2009,1.254768135
13/08/2009,1.257653069
14/08/2009,1.247993485
17/08/2009,1.243210776
18/08/2009,1.250820276
19/08/2009,1.25122268
20/08/2009,1.248396096
21/08/2009,1.247565511
24/08/2009,1.244507806
25/08/2009,1.249838161
26/08/2009,1.248191055
27/08/2009,1.244920238
28/08/2009,1.25026872
31/08/2009,1.248563077
01/09/2009,1.24259469
02/09/2009,1.244519371
03/09/2009,1.250722625
04/09/2009,1.251381767
07/09/2009,1.251381767
08/09/2009,1.259915623
09/09/2009,1.269514525
10/09/2009,1.272234117
11/09/2009,1.269664659
14/09/2009,1.270476556
15/09/2009,1.271847355
16/09/2009,1.27166321
17/09/2009,1.269865102
18/09/2009,1.26976971
21/09/2009,1.271025762
22/09/2009,1.270662863
23/09/2009,1.269755513
24/09/2009,1.268208694
25/09/2009,1.267232715
28/09/2009,1.269898863
29/09/2009,1.270530135
30/09/2009,1.27085529
01/10/2009,1.277127593
02/10/2009,1.276682838
05/10/2009,1.277348587
06/10/2009,1.277779223
07/10/2009,1.277133028
08/10/2009,1.277160077
09/10/2009,1.276186664
12/10/2009,1.275716913
13/10/2009,1.276057653
14/10/2009,1.276189413
15/10/2009,1.274737355
16/10/2009,1.273391946
19/10/2009,1.274179909
20/10/2009,1.274044331
21/10/2009,1.275333427
22/10/2009,1.274539348
23/10/2009,1.272751752
26/10/2009,1.274514268
27/10/2009,1.273198926
28/10/2009,1.270443767
29/10/2009,1.270775827
30/10/2009,1.270018761
02/11/2009,1.27050707
03/11/2009,1.271986931
04/11/2009,1.270920705
05/11/2009,1.275082916
06/11/2009,1.275856197
09/11/2009,1.276150178
10/11/2009,1.277098291
11/11/2009,1.276829861
12/11/2009,1.276021071
13/11/2009,1.280014099
16/11/2009,1.282039891
17/11/2009,1.282995914
18/11/2009,1.279995268
19/11/2009,1.277990227
20/11/2009,1.276570486
23/11/2009,1.279945066
24/11/2009,1.2797385
25/11/2009,1.278718108
26/11/2009,1.278718108
27/11/2009,1.27687745
30/11/2009,1.276594491
01/12/2009,1.279671431
02/12/2009,1.284464039
03/12/2009,1.283133153
04/12/2009,1.287469128
07/12/2009,1.287647207
08/12/2009,1.289769381
09/12/2009,1.289141474
10/12/2009,1.289277461
11/12/2009,1.288898179
14/12/2009,1.290649971
15/12/2009,1.2895528
16/12/2009,1.2914756
17/12/2009,1.290909462
18/12/2009,1.290336771
21/12/2009,1.290492787
22/12/2009,1.289984262
23/12/2009,1.289719679
24/12/2009,1.289357172
25/12/2009,1.289357172
28/12/2009,1.289394079
29/12/2009,1.290038979
30/12/2009,1.289676266
31/12/2009,1.289186324
01/01/2010,1.289186324
04/01/2010,1.289088764
05/01/2010,1.28938935
06/01/2010,1.289638423
07/01/2010,1.289150555
08/01/2010,1.289914353
11/01/2010,1.289402113
12/01/2010,1.288230135
13/01/2010,1.288880932
14/01/2010,1.288855561
15/01/2010,1.288013473
18/01/2010,1.288013473
19/01/2010,1.287772828
20/01/2010,1.286650644
21/01/2010,1.286306882
22/01/2010,1.286531639
25/01/2010,1.286218165
26/01/2010,1.286246949
27/01/2010,1.286359717
28/01/2010,1.285564771
29/01/2010,1.283213689
01/02/2010,1.282849372
02/02/2010,1.283665978
03/02/2010,1.283711676
04/02/2010,1.282928445
05/02/2010,1.282314239
08/02/2010,1.282631738
09/02/2010,1.28304387
10/02/2010,1.283906183
11/02/2010,1.288109433
12/02/2010,1.291740612
15/02/2010,1.291740612
16/02/2010,1.29071356
17/02/2010,1.290703795
18/02/2010,1.291516472
19/02/2010,1.291082534
22/02/2010,1.290018061
23/02/2010,1.289793933
24/02/2010,1.291523177
25/02/2010,1.291872455
26/02/2010,1.294198918
01/03/2010,1.29846587
02/03/2010,1.301600021
03/03/2010,1.300707995
04/03/2010,1.301029102
05/03/2010,1.300784935
08/03/2010,1.298938353
09/03/2010,1.299568678
10/03/2010,1.299430774
11/03/2010,1.296800517
12/03/2010,1.297232042
15/03/2010,1.298436633
16/03/2010,1.299538038
17/03/2010,1.300127431
18/03/2010,1.298604784
19/03/2010,1.296625605
22/03/2010,1.301273207
23/03/2010,1.303723763
24/03/2010,1.301614817
25/03/2010,1.301685893
26/03/2010,1.300683504
29/03/2010,1.30090007
30/03/2010,1.300580645
31/03/2010,1.298954736
01/04/2010,1.297599523
02/04/2010,1.297599523
05/04/2010,1.298525765
06/04/2010,1.298645628
07/04/2010,1.300018783
08/04/2010,1.299922799
09/04/2010,1.300210852
12/04/2010,1.299682368
13/04/2010,1.300716052
14/04/2010,1.301230398
15/04/2010,1.301492175
16/04/2010,1.302179211
19/04/2010,1.300714332
20/04/2010,1.300470425
21/04/2010,1.301883813
22/04/2010,1.303955517
23/04/2010,1.304284751
26/04/2010,1.304395408
27/04/2010,1.302007
28/04/2010,1.300533269
29/04/2010,1.304113281
30/04/2010,1.298669726
03/05/2010,1.305341542
04/05/2010,1.2970505
05/05/2010,1.291545607
06/05/2010,1.286948518
07/05/2010,1.276738983
10/05/2010,1.292291972
11/05/2010,1.299700534
12/05/2010,1.310614212
13/05/2010,1.310480966
14/05/2010,1.30217823
17/05/2010,1.3040451
18/05/2010,1.299333397
19/05/2010,1.294363083
20/05/2010,1.286177501
21/05/2010,1.290908812
24/05/2010,1.293925141
25/05/2010,1.29452348
26/05/2010,1.302658828
27/05/2010,1.311690195
28/05/2010,1.31076184
31/05/2010,1.31076184
01/06/2010,1.306903071
02/06/2010,1.310964921
03/06/2010,1.31397216
04/06/2010,1.307286523
07/06/2010,1.302232613
08/06/2010,1.299773814
09/06/2010,1.304285387
10/06/2010,1.306057495
11/06/2010,1.307437343
14/06/2010,1.309001517
15/06/2010,1.308265665
16/06/2010,1.308015889
17/06/2010,1.308004525
18/06/2010,1.306866565
21/06/2010,1.306134615
22/06/2010,1.306231726
23/06/2010,1.307039037
24/06/2010,1.306974834
25/06/2010,1.307940321
28/06/2010,1.308214623
29/06/2010,1.307835551
30/06/2010,1.307629793
01/07/2010,1.307770614
02/07/2010,1.308130015
05/07/2010,1.308130015
06/07/2010,1.307748219
07/07/2010,1.308018936
08/07/2010,1.307343
09/07/2010,1.307712801
12/07/2010,1.307757602
13/07/2010,1.307699791
14/07/2010,1.307309294
15/07/2010,1.307174366
16/07/2010,1.30687054
19/07/2010,1.306926907
20/07/2010,1.307046922
21/07/2010,1.307390917
22/07/2010,1.307620549
23/07/2010,1.308658861
26/07/2010,1.308291827
27/07/2010,1.307047307
28/07/2010,1.306154275
29/07/2010,1.306511409
30/07/2010,1.307322426
02/08/2010,1.307118477
03/08/2010,1.307572176
04/08/2010,1.309042955
05/08/2010,1.306435609
06/08/2010,1.306146255
09/08/2010,1.309256147
10/08/2010,1.307011584
11/08/2010,1.302310151
12/08/2010,1.30179256
13/08/2010,1.29985639
16/08/2010,1.302725638
17/08/2010,1.304135061
18/08/2010,1.305381721
19/08/2010,1.303252486
20/08/2010,1.303096414
23/08/2010,1.301549376
24/08/2010,1.300218828
25/08/2010,1.301787671
26/08/2010,1.302881714
27/08/2010,1.305568822
30/08/2010,1.304298534
31/08/2010,1.305879808
01/09/2010,1.309995784
02/09/2010,1.312658289
03/09/2010,1.315208413
06/09/2010,1.315208413
07/09/2010,1.314383599
08/09/2010,1.314681963
09/09/2010,1.31321968
10/09/2010,1.310957064
13/09/2010,1.312953764
14/09/2010,1.313747999
15/09/2010,1.313568867
16/09/2010,1.314229491
17/09/2010,1.314982609
20/09/2010,1.315134764
21/09/2010,1.315206366
22/09/2010,1.314068777
23/09/2010,1.313858793
24/09/2010,1.314315402
27/09/2010,1.314466235
28/09/2010,1.315001465
29/09/2010,1.315345925
30/09/2010,1.315277055
01/10/2010,1.315173831
04/10/2010,1.314768051
05/10/2010,1.315163253
06/10/2010,1.314693631
07/10/2010,1.315568354
08/10/2010,1.3163054
11/10/2010,1.316395355
12/10/2010,1.316729116
13/10/2010,1.316464511
14/10/2010,1.31639959
15/10/2010,1.316517061
18/10/2010,1.315949568
19/10/2010,1.315330782
20/10/2010,1.315993084
21/10/2010,1.315644513
22/10/2010,1.315668673
25/10/2010,1.316517991
26/10/2010,1.316487278
27/10/2010,1.316107915
28/10/2010,1.314802693
29/10/2010,1.314575367
01/11/2010,1.316230009
02/11/2010,1.318195156
03/11/2010,1.319581705
04/11/2010,1.323744049
05/11/2010,1.323751697
08/11/2010,1.325976203
09/11/2010,1.324646927
10/11/2010,1.325743612
11/11/2010,1.325777765
12/11/2010,1.320059926
15/11/2010,1.320492037
16/11/2010,1.317404111
17/11/2010,1.323637387
18/11/2010,1.328355694
19/11/2010,1.33041283
22/11/2010,1.33641623
23/11/2010,1.337802796
24/11/2010,1.346248769
25/11/2010,1.346248769
26/11/2010,1.346332505
29/11/2010,1.342329685
30/11/2010,1.342461722
01/12/2010,1.34464632
02/12/2010,1.345444293
03/12/2010,1.349275383
06/12/2010,1.349698373
07/12/2010,1.351320481
08/12/2010,1.348884942
09/12/2010,1.348237278
10/12/2010,1.349603287
13/12/2010,1.346539159
14/12/2010,1.344777093
15/12/2010,1.344945548
16/12/2010,1.347980313
17/12/2010,1.349071672
20/12/2010,1.348236377
21/12/2010,1.349774229
22/12/2010,1.348237764
23/12/2010,1.347408115
24/12/2010,1.347408115
27/12/2010,1.34706087
28/12/2010,1.346177252
29/12/2010,1.345190628
30/12/2010,1.345212514
31/12/2010,1.345024308
03/01/2011,1.344196883
04/01/2011,1.343221401
05/01/2011,1.343093203
06/01/2011,1.343269941
07/01/2011,1.342872353
10/01/2011,1.34314469
11/01/2011,1.343318613
12/01/2011,1.344075825
13/01/2011,1.344114492
14/01/2011,1.344098077
17/01/2011,1.344098077
18/01/2011,1.344952347
19/01/2011,1.343752674
20/01/2011,1.342572336
21/01/2011,1.342505148
24/01/2011,1.343421351
25/01/2011,1.344281539
26/01/2011,1.345366596
27/01/2011,1.344955027
28/01/2011,1.344436023
31/01/2011,1.345600589
01/02/2011,1.347692929
02/02/2011,1.348192731
03/02/2011,1.347025764
04/02/2011,1.34748166
07/02/2011,1.348681218
08/02/2011,1.347499807
09/02/2011,1.34790327
10/02/2011,1.349456582
11/02/2011,1.35011635
14/02/2011,1.355366437
15/02/2011,1.35299053
16/02/2011,1.356581227
17/02/2011,1.35774068
18/02/2011,1.355586853
21/02/2011,1.355586853
22/02/2011,1.351993007
23/02/2011,1.345823698
24/02/2011,1.348003288
25/02/2011,1.351602804
28/02/2011,1.353443961
01/03/2011,1.351827385
02/03/2011,1.357752686
03/03/2011,1.36370144
04/03/2011,1.365310433
07/03/2011,1.362240515
08/03/2011,1.360029921
09/03/2011,1.353568754
10/03/2011,1.348641675
11/03/2011,1.349119742
14/03/2011,1.352946211
15/03/2011,1.352722869
16/03/2011,1.35443705
17/03/2011,1.354387651
18/03/2011,1.35254558
21/03/2011,1.358293239
22/03/2011,1.357190558
23/03/2011,1.358424357
24/03/2011,1.36015347
25/03/2011,1.362635456
28/03/2011,1.362964015
29/03/2011,1.365942017
30/03/2011,1.367361257
31/03/2011,1.369128902
01/04/2011,1.367981847
04/04/2011,1.368373408
05/04/2011,1.369184956
06/04/2011,1.367538626
07/04/2011,1.367250875
08/04/2011,1.367098776
11/04/2011,1.366241644
12/04/2011,1.365879309
13/04/2011,1.366378886
14/04/2011,1.366549399
15/04/2011,1.367365292
18/04/2011,1.36741849
19/04/2011,1.367217842
20/04/2011,1.368093471
21/04/2011,1.368111104
22/04/2011,1.368111104
25/04/2011,1.368180175
26/04/2011,1.367525131
27/04/2011,1.367235679
28/04/2011,1.366593963
29/04/2011,1.366942545
02/05/2011,1.365469795
03/05/2011,1.361681288
04/05/2011,1.359130355
05/05/2011,1.36261913
06/05/2011,1.364516007
09/05/2011,1.369461221
10/05/2011,1.372594603
11/05/2011,1.369232454
12/05/2011,1.369598208
13/05/2011,1.369203383
16/05/2011,1.367184536
17/05/2011,1.363525573
18/05/2011,1.370192945
19/05/2011,1.370314572
20/05/2011,1.370476261
23/05/2011,1.36593913
24/05/2011,1.36477183
25/05/2011,1.371605779
26/05/2011,1.375565906
27/05/2011,1.376645904
30/05/2011,1.376645904
31/05/2011,1.376743595
01/06/2011,1.374873696
02/06/2011,1.377308786
03/06/2011,1.375577196
06/06/2011,1.373529358
07/06/2011,1.374522793
08/06/2011,1.371402512
09/06/2011,1.372865015
10/06/2011,1.371170347
13/06/2011,1.369613546
14/06/2011,1.372082209
15/06/2011,1.371691562
16/06/2011,1.369189183
17/06/2011,1.368325447
20/06/2011,1.369122213
21/06/2011,1.369535038
22/06/2011,1.369773835
23/06/2011,1.370349474
24/06/2011,1.370359617
27/06/2011,1.370573811
28/06/2011,1.370887803
29/06/2011,1.370858089
30/06/2011,1.371359733
01/07/2011,1.370815999
04/07/2011,1.370815999
05/07/2011,1.371239211
06/07/2011,1.371478908
07/07/2011,1.371461481
08/07/2011,1.371618688
11/07/2011,1.371502503
12/07/2011,1.371611711
13/07/2011,1.371718715
14/07/2011,1.371507131
15/07/2011,1.371747901
18/07/2011,1.371856517
19/07/2011,1.371926497
20/07/2011,1.371510352
21/07/2011,1.371714885
22/07/2011,1.371402581
25/07/2011,1.37171745
26/07/2011,1.371183299
27/07/2011,1.371127695
28/07/2011,1.371446254
29/07/2011,1.371462355
01/08/2011,1.372928301
02/08/2011,1.372577571
03/08/2011,1.373727879
04/08/2011,1.370091043
05/08/2011,1.366127621
08/08/2011,1.358747393
09/08/2011,1.362494881
10/08/2011,1.356899437
11/08/2011,1.36255597
12/08/2011,1.360309316
15/08/2011,1.35965006
16/08/2011,1.357590669
17/08/2011,1.35633846
18/08/2011,1.352826448
19/08/2011,1.350033235
22/08/2011,1.350867709
23/08/2011,1.355419873
24/08/2011,1.357218041
25/08/2011,1.356648954
26/08/2011,1.359413452
29/08/2011,1.360827936
30/08/2011,1.363175483
31/08/2011,1.36261471
01/09/2011,1.363251864
02/09/2011,1.361926554
05/09/2011,1.361926554
06/09/2011,1.364271881
07/09/2011,1.36393966
08/09/2011,1.364223594
09/09/2011,1.359321562
12/09/2011,1.360975104
13/09/2011,1.360711675
14/09/2011,1.36206454
15/09/2011,1.364307271
16/09/2011,1.365580448
19/09/2011,1.365538111
20/09/2011,1.364891333
21/09/2011,1.36444779
22/09/2011,1.364535468
23/09/2011,1.364719869
26/09/2011,1.364617832
27/09/2011,1.36435072
28/09/2011,1.364392446
29/09/2011,1.364287425
30/09/2011,1.363738123
03/10/2011,1.363188636
04/10/2011,1.363958525
05/10/2011,1.36429864
06/10/2011,1.364300587
07/10/2011,1.363787565
10/10/2011,1.364023669
11/10/2011,1.363748187
12/10/2011,1.363920865
13/10/2011,1.363820177
14/10/2011,1.363754168
17/10/2011,1.363344363
18/10/2011,1.363372217
19/10/2011,1.363141652
20/10/2011,1.363039429
21/10/2011,1.362658514
24/10/2011,1.362389942
25/10/2011,1.361831981
26/10/2011,1.362387428
27/10/2011,1.362497616
28/10/2011,1.362209299
31/10/2011,1.362059145
01/11/2011,1.361708038
02/11/2011,1.3621491
03/11/2011,1.363609809
04/11/2011,1.364580518
07/11/2011,1.362486291
08/11/2011,1.362893371
09/11/2011,1.36097645
10/11/2011,1.3627388
11/11/2011,1.363161974
14/11/2011,1.363283164
15/11/2011,1.366140675
16/11/2011,1.36472378
17/11/2011,1.36460559
18/11/2011,1.365057887
21/11/2011,1.364693106
22/11/2011,1.365941787
23/11/2011,1.363258691
24/11/2011,1.363258691
25/11/2011,1.361299147
28/11/2011,1.36648273
29/11/2011,1.367517254
30/11/2011,1.369287513
01/12/2011,1.368140944
02/12/2011,1.368093698
05/12/2011,1.37123964
06/12/2011,1.370512174
07/12/2011,1.368597273
08/12/2011,1.368487802
09/12/2011,1.370791102
12/12/2011,1.371400247
13/12/2011,1.369755607
14/12/2011,1.367738914
15/12/2011,1.368577988
16/12/2011,1.369464367
19/12/2011,1.370124677
20/12/2011,1.371147254
21/12/2011,1.37128528
22/12/2011,1.370491984
23/12/2011,1.370226568
26/12/2011,1.370226568
27/12/2011,1.371355894
28/12/2011,1.371250954
29/12/2011,1.371676696
30/12/2011,1.371703557
02/01/2012,1.371703557
03/01/2012,1.371313898
04/01/2012,1.37187161
05/01/2012,1.373277331
06/01/2012,1.373839019
09/01/2012,1.373856849
10/01/2012,1.373736379
11/01/2012,1.373910144
12/01/2012,1.373317709
13/01/2012,1.372984138
16/01/2012,1.372984138
17/01/2012,1.372859619
18/01/2012,1.372803106
19/01/2012,1.37260161
20/01/2012,1.372026936
23/01/2012,1.372265884
24/01/2012,1.372743437
25/01/2012,1.373150027
26/01/2012,1.37331493
27/01/2012,1.37440688
30/01/2012,1.375424465
31/01/2012,1.375030287
01/02/2012,1.37790231
02/02/2012,1.376279916
03/02/2012,1.377212955
06/02/2012,1.376237297
07/02/2012,1.377140522
08/02/2012,1.378193071
09/02/2012,1.378412054
10/02/2012,1.376187991
13/02/2012,1.380643056
14/02/2012,1.37827452
15/02/2012,1.376514127
16/02/2012,1.381084621
17/02/2012,1.378157019
20/02/2012,1.378157019
21/02/2012,1.372169498
22/02/2012,1.371083695
23/02/2012,1.373150145
24/02/2012,1.371366859
27/02/2012,1.370824892
28/02/2012,1.366981587
29/02/2012,1.361851845
01/03/2012,1.365715506
02/03/2012,1.359595988
05/03/2012,1.356922034
06/03/2012,1.349810841
07/03/2012,1.355567973
08/03/2012,1.359408355
09/03/2012,1.362544606
12/03/2012,1.359369991
13/03/2012,1.360783152
14/03/2012,1.357487177
15/03/2012,1.360373709
16/03/2012,1.35914566
19/03/2012,1.36151079
20/03/2012,1.358853769
21/03/2012,1.360267538
22/03/2012,1.361024237
23/03/2012,1.361403435
26/03/2012,1.363163499
27/03/2012,1.362492403
28/03/2012,1.360940148
29/03/2012,1.360258411
30/03/2012,1.357537692
02/04/2012,1.355200375
03/04/2012,1.357042735
04/04/2012,1.35589835
05/04/2012,1.35581218
06/04/2012,1.35581218
09/04/2012,1.356019556
10/04/2012,1.355106286
11/04/2012,1.35579515
12/04/2012,1.355227177
13/04/2012,1.3554064
16/04/2012,1.355519705
17/04/2012,1.355025041
18/04/2012,1.355072461
19/04/2012,1.354837986
20/04/2012,1.354991024
23/04/2012,1.354957453
24/04/2012,1.355036027
25/04/2012,1.354474013
26/04/2012,1.353899676
27/04/2012,1.356189635
30/04/2012,1.352402276
01/05/2012,1.350671181
02/05/2012,1.352753232
03/05/2012,1.349488397
04/05/2012,1.346661621
07/05/2012,1.35042226
08/05/2012,1.349942593
09/05/2012,1.348585663
10/05/2012,1.350165461
11/05/2012,1.357570861
14/05/2012,1.35595333
15/05/2012,1.362088559
16/05/2012,1.358653796
17/05/2012,1.346329807
18/05/2012,1.342868241
21/05/2012,1.347240522
22/05/2012,1.348058164
23/05/2012,1.352951805
24/05/2012,1.358265088
25/05/2012,1.356018756
28/05/2012,1.356018756
29/05/2012,1.358670731
30/05/2012,1.359301849
31/05/2012,1.362228131
01/06/2012,1.348819528
04/06/2012,1.343229543
05/06/2012,1.346500917
06/06/2012,1.349944943
07/06/2012,1.349241603
08/06/2012,1.353715208
11/06/2012,1.35502927
12/06/2012,1.355396766
13/06/2012,1.353040792
14/06/2012,1.35351194
15/06/2012,1.353507242
18/06/2012,1.354142318
19/06/2012,1.356697602
20/06/2012,1.357085115
21/06/2012,1.357367341
22/06/2012,1.357297683
25/06/2012,1.357645043
26/06/2012,1.357795356
27/06/2012,1.357971466
28/06/2012,1.358228511
29/06/2012,1.357578569
02/07/2012,1.357600895
03/07/2012,1.356980361
04/07/2012,1.356980361
05/07/2012,1.356915724
06/07/2012,1.357470863
09/07/2012,1.357735627
10/07/2012,1.358031475
11/07/2012,1.358061412
12/07/2012,1.358277732
13/07/2012,1.358182005
16/07/2012,1.35843474
17/07/2012,1.358581061
18/07/2012,1.358323156
19/07/2012,1.358119148
20/07/2012,1.358339483
23/07/2012,1.35859013
24/07/2012,1.358496704
25/07/2012,1.358080332
26/07/2012,1.358044233
27/07/2012,1.356993583
30/07/2012,1.356678211
31/07/2012,1.356421772
01/08/2012,1.355837732
02/08/2012,1.357066776
03/08/2012,1.356678587
06/08/2012,1.357315538
07/08/2012,1.357834523
08/08/2012,1.357782354
09/08/2012,1.359155364
10/08/2012,1.357714162
13/08/2012,1.358157269
14/08/2012,1.358308017
15/08/2012,1.359839659
16/08/2012,1.362221561
17/08/2012,1.363489502
20/08/2012,1.360771446
21/08/2012,1.360737426
22/08/2012,1.358615717
23/08/2012,1.359130741
24/08/2012,1.359462405
27/08/2012,1.361026151
28/08/2012,1.363296861
29/08/2012,1.363755853
30/08/2012,1.361770055
31/08/2012,1.362404901
03/09/2012,1.362404901
04/09/2012,1.367181274
05/09/2012,1.367419428
06/09/2012,1.367489534
07/09/2012,1.365554924
10/09/2012,1.366811167
11/09/2012,1.366623859
12/09/2012,1.368422568
13/09/2012,1.367065058
14/09/2012,1.36723625
17/09/2012,1.366165155
18/09/2012,1.364535408
19/09/2012,1.36599998
20/09/2012,1.365147377
21/09/2012,1.365554338
24/09/2012,1.364861976
25/09/2012,1.365421298
26/09/2012,1.364669924
27/09/2012,1.364522521
28/09/2012,1.364459009
01/10/2012,1.364495514
02/10/2012,1.364408517
03/10/2012,1.36603653
04/10/2012,1.365950646
05/10/2012,1.365759577
08/10/2012,1.366086019
09/10/2012,1.365819117
10/10/2012,1.365070815
11/10/2012,1.365362436
12/10/2012,1.364800653
15/10/2012,1.365025125
16/10/2012,1.365021927
17/10/2012,1.365240036
18/10/2012,1.365090072
19/10/2012,1.364990874
22/10/2012,1.365944762
23/10/2012,1.366043738
24/10/2012,1.36690237
25/10/2012,1.364689844
26/10/2012,1.364886988
29/10/2012,1.364886988
30/10/2012,1.364886988
31/10/2012,1.367040342
01/11/2012,1.366585707
02/11/2012,1.363959256
05/11/2012,1.364136633
06/11/2012,1.362520459
07/11/2012,1.36258297
08/11/2012,1.360629174
09/11/2012,1.361877902
12/11/2012,1.361739712
13/11/2012,1.360817771
14/11/2012,1.356089651
15/11/2012,1.35418322
16/11/2012,1.35666459
19/11/2012,1.358723777
20/11/2012,1.362505131
21/11/2012,1.363357654
22/11/2012,1.363357654
23/11/2012,1.361557152
26/11/2012,1.360663853
27/11/2012,1.361781562
28/11/2012,1.361785272
29/11/2012,1.366997965
30/11/2012,1.365147832
03/12/2012,1.370467909
04/12/2012,1.368305786
05/12/2012,1.366317446
06/12/2012,1.364998355
07/12/2012,1.365173188
10/12/2012,1.364843275
11/12/2012,1.364722532
12/12/2012,1.3637804
13/12/2012,1.363591793
14/12/2012,1.361664626
17/12/2012,1.362467529
18/12/2012,1.36261146
19/12/2012,1.362353088
20/12/2012,1.361866873
21/12/2012,1.362004134
24/12/2012,1.362253108
25/12/2012,1.362253108
26/12/2012,1.362457479
27/12/2012,1.362696865
28/12/2012,1.363247089
31/12/2012,1.361772056
01/01/2013,1.361772056
02/01/2013,1.361563872
03/01/2013,1.36115477
04/01/2013,1.360861261
07/01/2013,1.36022238
08/01/2013,1.360098363
09/01/2013,1.360258915
10/01/2013,1.360028708
11/01/2013,1.360097582
14/01/2013,1.359897618
15/01/2013,1.360016386
16/01/2013,1.360143848
17/01/2013,1.360249964
18/01/2013,1.360525267
21/01/2013,1.360525267
22/01/2013,1.360679819
23/01/2013,1.360575408
24/01/2013,1.360537497
25/01/2013,1.360835502
28/01/2013,1.36049551
29/01/2013,1.360238817
30/01/2013,1.359934977
31/01/2013,1.361313216
01/02/2013,1.361157223
04/02/2013,1.361741376
05/02/2013,1.362303281
06/02/2013,1.364559375
07/02/2013,1.365392922
08/02/2013,1.366699839
11/02/2013,1.368226698
12/02/2013,1.370827623
13/02/2013,1.373071758
14/02/2013,1.375055314
15/02/2013,1.377166985
18/02/2013,1.377166985
19/02/2013,1.380168922
20/02/2013,1.37485941
21/02/2013,1.370844719
22/02/2013,1.371812934
25/02/2013,1.368580499
26/02/2013,1.371024283
27/02/2013,1.37175867
28/02/2013,1.373841703
01/03/2013,1.374285775
04/03/2013,1.376132517
05/03/2013,1.379646739
06/03/2013,1.382085094
07/03/2013,1.38222844
08/03/2013,1.382085898
11/03/2013,1.37842617
12/03/2013,1.380999238
13/03/2013,1.381060069
14/03/2013,1.383204638
15/03/2013,1.381151924
18/03/2013,1.384180218
19/03/2013,1.383567528
20/03/2013,1.384171033
21/03/2013,1.385538772
22/03/2013,1.382298007
25/03/2013,1.383847211
26/03/2013,1.382387346
27/03/2013,1.384127074
28/03/2013,1.382559994
29/03/2013,1.382559994
01/04/2013,1.383486339
02/04/2013,1.381312138
03/04/2013,1.378615771
04/04/2013,1.378761429
05/04/2013,1.379050851
08/04/2013,1.379359184
09/04/2013,1.378766609
10/04/2013,1.380308376
11/04/2013,1.380595004
12/04/2013,1.380594968
15/04/2013,1.380143154
16/04/2013,1.379729619
17/04/2013,1.379485352
18/04/2013,1.380017761
19/04/2013,1.379731643
22/04/2013,1.379619042
23/04/2013,1.379600055
24/04/2013,1.379670188
25/04/2013,1.379344456
26/04/2013,1.379015364
29/04/2013,1.379084241
30/04/2013,1.379709169
01/05/2013,1.377693301
02/05/2013,1.37787054
03/05/2013,1.378237808
06/05/2013,1.380395852
07/05/2013,1.379902032
08/05/2013,1.379950205
09/05/2013,1.381434589
10/05/2013,1.38627441
13/05/2013,1.388398902
14/05/2013,1.390093252
15/05/2013,1.388731558
16/05/2013,1.387740416
17/05/2013,1.388213629
20/05/2013,1.389808416
21/05/2013,1.386902391
22/05/2013,1.38342368
23/05/2013,1.386519411
24/05/2013,1.385181587
27/05/2013,1.385181587
28/05/2013,1.390357613
29/05/2013,1.389273934
30/05/2013,1.391250938
31/05/2013,1.391066933
03/06/2013,1.389742695
04/06/2013,1.389845509
05/06/2013,1.387566724
06/06/2013,1.389447889
07/06/2013,1.39104214
10/06/2013,1.393395615
11/06/2013,1.392725813
12/06/2013,1.392967875
13/06/2013,1.3914229
14/06/2013,1.391694846
17/06/2013,1.390718314
18/06/2013,1.389845601
19/06/2013,1.391134342
20/06/2013,1.392203674
21/06/2013,1.390451706
24/06/2013,1.390050906
25/06/2013,1.390325135
26/06/2013,1.39010018
27/06/2013,1.390549421
28/06/2013,1.39056708
01/07/2013,1.390491895
02/07/2013,1.390111781
03/07/2013,1.390199541
04/07/2013,1.390199541
05/07/2013,1.390060008
08/07/2013,1.389535423
09/07/2013,1.389272434
10/07/2013,1.389123916
11/07/2013,1.389984922
12/07/2013,1.39016702
15/07/2013,1.389725202
16/07/2013,1.390140533
17/07/2013,1.390528348
18/07/2013,1.389613071
19/07/2013,1.390668937
22/07/2013,1.391471192
23/07/2013,1.391236975
24/07/2013,1.391179335
25/07/2013,1.391514292
26/07/2013,1.390545323
29/07/2013,1.390241475
30/07/2013,1.391443575
31/07/2013,1.391207539
01/08/2013,1.392314282
02/08/2013,1.392196648
05/08/2013,1.393883552
06/08/2013,1.391104167
07/08/2013,1.388775819
08/08/2013,1.388757671
09/08/2013,1.390027005
12/08/2013,1.392057378
13/08/2013,1.392750995
14/08/2013,1.393469105
15/08/2013,1.390841001
16/08/2013,1.393381433
19/08/2013,1.391878697
20/08/2013,1.39631299
21/08/2013,1.396476015
22/08/2013,1.399877887
23/08/2013,1.39741
26/08/2013,1.399335952
27/08/2013,1.394198833
28/08/2013,1.396271725
29/08/2013,1.40109364
30/08/2013,1.396345577
02/09/2013,1.396345577
03/09/2013,1.398632892
04/09/2013,1.402430919
05/09/2013,1.40342722
06/09/2013,1.402228831
09/09/2013,1.402876779
10/09/2013,1.404810704
11/09/2013,1.404076554
12/09/2013,1.404522748
13/09/2013,1.403698842
16/09/2013,1.401453148
17/09/2013,1.403944108
18/09/2013,1.40279573
19/09/2013,1.403770661
20/09/2013,1.405607468
23/09/2013,1.406073187
24/09/2013,1.40489106
25/09/2013,1.405506801
26/09/2013,1.407135887
27/09/2013,1.407037722
30/09/2013,1.406877667
01/10/2013,1.407300955
02/10/2013,1.406979379
03/10/2013,1.407115683
04/10/2013,1.40786986
07/10/2013,1.407286777
08/10/2013,1.406150087
09/10/2013,1.405746177
10/10/2013,1.406280536
11/10/2013,1.40670328
14/10/2013,1.406770398
15/10/2013,1.406388462
16/10/2013,1.406768201
17/10/2013,1.406935384
18/10/2013,1.407047332
21/10/2013,1.406783532
22/10/2013,1.406067857
23/10/2013,1.406453456
24/10/2013,1.406087696
25/10/2013,1.405509057
28/10/2013,1.404381799
29/10/2013,1.404520207
30/10/2013,1.40350929
31/10/2013,1.403565006
01/11/2013,1.402335951
04/11/2013,1.406096698
05/11/2013,1.407356242
06/11/2013,1.40478406
07/11/2013,1.402528561
08/11/2013,1.406592316
11/11/2013,1.407047856
12/11/2013,1.40746529
13/11/2013,1.409885589
14/11/2013,1.408947747
15/11/2013,1.408910861
18/11/2013,1.408674303
19/11/2013,1.40860554
20/11/2013,1.412252515
21/11/2013,1.411791339
22/11/2013,1.410731075
25/11/2013,1.411025697
26/11/2013,1.414282126
27/11/2013,1.415513235
28/11/2013,1.415513235
29/11/2013,1.415097264
02/12/2013,1.415744251
03/12/2013,1.413971375
04/12/2013,1.413018671
05/12/2013,1.41605353
06/12/2013,1.413582705
09/12/2013,1.415737464
10/12/2013,1.414133792
11/12/2013,1.41225943
12/12/2013,1.412999687
13/12/2013,1.415278574
16/12/2013,1.41715536
17/12/2013,1.417181821
18/12/2013,1.416542115
19/12/2013,1.416039355
20/12/2013,1.417997511
23/12/2013,1.417452203
24/12/2013,1.417822729
25/12/2013,1.417822729
26/12/2013,1.417405171
27/12/2013,1.417003047
30/12/2013,1.417054828
31/12/2013,1.417201188
01/01/2014,1.417201188
02/01/2014,1.417301292
03/01/2014,1.417588272
06/01/2014,1.41809285
07/01/2014,1.418106832
08/01/2014,1.418540453
09/01/2014,1.418564027
10/01/2014,1.418452951
13/01/2014,1.419431611
14/01/2014,1.420127097
15/01/2014,1.420467633
16/01/2014,1.421365714
17/01/2014,1.421693995
20/01/2014,1.421693995
21/01/2014,1.422254574
22/01/2014,1.422633148
23/01/2014,1.422816421
24/01/2014,1.422034121
27/01/2014,1.421901887
28/01/2014,1.42228195
29/01/2014,1.421588689
30/01/2014,1.421468067
31/01/2014,1.422670574
03/02/2014,1.423100973
04/02/2014,1.42368032
05/02/2014,1.424018561
06/02/2014,1.424660612
07/02/2014,1.424829614
10/02/2014,1.423851796
11/02/2014,1.424379816
12/02/2014,1.426305215
13/02/2014,1.428101667
14/02/2014,1.427754919
17/02/2014,1.427754919
18/02/2014,1.431609843
19/02/2014,1.43088535
20/02/2014,1.432389955
21/02/2014,1.4344014
24/02/2014,1.435537795
25/02/2014,1.436924534
26/02/2014,1.438974113
27/02/2014,1.437287842
28/02/2014,1.434447517
03/03/2014,1.435860186
04/03/2014,1.439972388
05/03/2014,1.439372267
06/03/2014,1.438914235
07/03/2014,1.435690505
10/03/2014,1.433734609
11/03/2014,1.43041107
12/03/2014,1.430958913
13/03/2014,1.430877475
14/03/2014,1.433532627
17/03/2014,1.433207634
18/03/2014,1.435638315
19/03/2014,1.435688944
20/03/2014,1.43441624
21/03/2014,1.434708546
24/03/2014,1.433308399
25/03/2014,1.433732716
26/03/2014,1.431613419
27/03/2014,1.430903316
28/03/2014,1.43076285
31/03/2014,1.43232882
01/04/2014,1.43157224
02/04/2014,1.432192705
03/04/2014,1.429976461
04/04/2014,1.427412149
07/04/2014,1.426156747
08/04/2014,1.425617503
09/04/2014,1.426052284
10/04/2014,1.425367036
11/04/2014,1.424717984
14/04/2014,1.423842455
15/04/2014,1.423401759
16/04/2014,1.424060515
17/04/2014,1.424299056
18/04/2014,1.424299056
21/04/2014,1.424251023
22/04/2014,1.424320113
23/04/2014,1.424004158
24/04/2014,1.424269324
25/04/2014,1.422715818
28/04/2014,1.421627668
29/04/2014,1.422071919
30/04/2014,1.422480073
01/05/2014,1.423390481
02/05/2014,1.425080789
05/05/2014,1.42598947
06/05/2014,1.426052464
07/05/2014,1.4258508
08/05/2014,1.421456139
09/05/2014,1.421363463
12/05/2014,1.42703678
13/05/2014,1.426560761
14/05/2014,1.422930048
15/05/2014,1.424429331
16/05/2014,1.424175675
19/05/2014,1.426634415
20/05/2014,1.424587044
21/05/2014,1.424569686
22/05/2014,1.426164818
23/05/2014,1.426376864
26/05/2014,1.426376864
27/05/2014,1.427826494
28/05/2014,1.428779639
29/05/2014,1.429827475
30/05/2014,1.42631956
02/06/2014,1.424893226
03/06/2014,1.425270373
04/06/2014,1.430020267
05/06/2014,1.432591711
06/06/2014,1.431650022
09/06/2014,1.430803802
10/06/2014,1.431426679
11/06/2014,1.433503812
12/06/2014,1.432990563
13/06/2014,1.433264972
16/06/2014,1.433416936
17/06/2014,1.43446356
18/06/2014,1.433957328
19/06/2014,1.433879462
20/06/2014,1.434054887
23/06/2014,1.432466113
24/06/2014,1.432500731
25/06/2014,1.432405143
26/06/2014,1.43223645
27/06/2014,1.432392938
30/06/2014,1.432766653
01/07/2014,1.432443715
02/07/2014,1.431987508
03/07/2014,1.431358462
04/07/2014,1.431358462
07/07/2014,1.431134385
08/07/2014,1.431533293
09/07/2014,1.431618296
10/07/2014,1.431485463
11/07/2014,1.431640528
14/07/2014,1.431894027
15/07/2014,1.43180458
16/07/2014,1.432138198
17/07/2014,1.43176711
18/07/2014,1.431945979
21/07/2014,1.433295453
22/07/2014,1.434150871
23/07/2014,1.433415809
24/07/2014,1.432086902
25/07/2014,1.430692054
28/07/2014,1.430262824
29/07/2014,1.430873887
30/07/2014,1.432440413
31/07/2014,1.429176807
01/08/2014,1.428477777
04/08/2014,1.428827316
05/08/2014,1.431480185
06/08/2014,1.430649013
07/08/2014,1.429192612
08/08/2014,1.427884621
11/08/2014,1.434910872
12/08/2014,1.434893941
13/08/2014,1.437162784
14/08/2014,1.436569099
15/08/2014,1.43790791
18/08/2014,1.441091001
19/08/2014,1.441472142
20/08/2014,1.439544259
21/08/2014,1.43711371
22/08/2014,1.440726877
25/08/2014,1.440683941
26/08/2014,1.445806585
27/08/2014,1.446008898
28/08/2014,1.446117476
29/08/2014,1.449120358
01/09/2014,1.449120358
02/09/2014,1.457616219
03/09/2014,1.453598865
04/09/2014,1.4540586
05/09/2014,1.455839291
08/09/2014,1.458103364
09/09/2014,1.455037191
10/09/2014,1.457421997
11/09/2014,1.458192006
12/09/2014,1.458565802
15/09/2014,1.453889622
16/09/2014,1.455582923
17/09/2014,1.454885311
18/09/2014,1.453915599
19/09/2014,1.452552731
22/09/2014,1.451149606
23/09/2014,1.451813049
24/09/2014,1.452269194
25/09/2014,1.45155436
26/09/2014,1.451923296
29/09/2014,1.452502479
30/09/2014,1.451732267
01/10/2014,1.452410251
02/10/2014,1.452949192
03/10/2014,1.453194848
06/10/2014,1.452778223
07/10/2014,1.452069433
08/10/2014,1.452391115
09/10/2014,1.452345864
10/10/2014,1.45124649
13/10/2014,1.450540018
14/10/2014,1.450363449
15/10/2014,1.450743043
16/10/2014,1.451199199
17/10/2014,1.450814107
20/10/2014,1.450921538
21/10/2014,1.450832721
22/10/2014,1.450539884
23/10/2014,1.450430201
24/10/2014,1.45003451
27/10/2014,1.450822956
28/10/2014,1.452217411
29/10/2014,1.452299612
30/10/2014,1.452675736
31/10/2014,1.453215213
03/11/2014,1.45404631
04/11/2014,1.455029071
05/11/2014,1.452463393
06/11/2014,1.453083343
07/11/2014,1.453359778
10/11/2014,1.454346945
11/11/2014,1.454870332
12/11/2014,1.456599267
13/11/2014,1.453576793
14/11/2014,1.45316227
17/11/2014,1.451070849
18/11/2014,1.452407264
19/11/2014,1.44896463
20/11/2014,1.451359357
21/11/2014,1.448966746
24/11/2014,1.454063159
25/11/2014,1.454974253
26/11/2014,1.456839255
27/11/2014,1.456839255
28/11/2014,1.457312011
01/12/2014,1.454832141
02/12/2014,1.458520276
03/12/2014,1.460337915
04/12/2014,1.45895329
05/12/2014,1.459848094
08/12/2014,1.458873702
09/12/2014,1.462574192
10/12/2014,1.462335891
11/12/2014,1.463263967
12/12/2014,1.465720268
15/12/2014,1.465820722
16/12/2014,1.466122472
17/12/2014,1.467983697
18/12/2014,1.467600699
19/12/2014,1.466073126
22/12/2014,1.46638565
23/12/2014,1.465692005
24/12/2014,1.466309768
25/12/2014,1.466309768
26/12/2014,1.466546111
29/12/2014,1.46648361
30/12/2014,1.466342961
31/12/2014,1.466302033
01/01/2015,1.466302033
02/01/2015,1.466519622
05/01/2015,1.465984968
06/01/2015,1.466437537
07/01/2015,1.46673438
08/01/2015,1.467910855
09/01/2015,1.467827578
12/01/2015,1.468165572
13/01/2015,1.467671534
14/01/2015,1.467526353
15/01/2015,1.467362075
16/01/2015,1.467665303
19/01/2015,1.467665303
20/01/2015,1.467723717
21/01/2015,1.46752104
22/01/2015,1.467343951
23/01/2015,1.467480735
26/01/2015,1.468446463
27/01/2015,1.467231895
28/01/2015,1.466749267
29/01/2015,1.467745802
30/01/2015,1.465959135
02/02/2015,1.464069295
03/02/2015,1.461207452
04/02/2015,1.462545522
05/02/2015,1.462011324
06/02/2015,1.461368625
09/02/2015,1.459922484
10/02/2015,1.461387864
11/02/2015,1.461323012
12/02/2015,1.460015094
13/02/2015,1.459868861
16/02/2015,1.459868861
17/02/2015,1.461115803
18/02/2015,1.461214726
19/02/2015,1.462626147
20/02/2015,1.463028276
23/02/2015,1.462972572
24/02/2015,1.463112886
25/02/2015,1.464120641
26/02/2015,1.467880511
27/02/2015,1.466384495
02/03/2015,1.471044788
03/03/2015,1.472063034
04/03/2015,1.476370826
05/03/2015,1.478185441
06/03/2015,1.47906129
09/03/2015,1.480471618
10/03/2015,1.479793489
11/03/2015,1.48476743
12/03/2015,1.486551334
13/03/2015,1.488503332
16/03/2015,1.488575584
17/03/2015,1.491726176
18/03/2015,1.49056587
19/03/2015,1.494167097
20/03/2015,1.488531936
23/03/2015,1.487633316
24/03/2015,1.490690036
25/03/2015,1.486466265
26/03/2015,1.487869371
27/03/2015,1.489920698
30/03/2015,1.492265913
31/03/2015,1.493695736
01/04/2015,1.494710468
02/04/2015,1.492016104
03/04/2015,1.492016104
06/04/2015,1.489993376
07/04/2015,1.49086012
08/04/2015,1.493210539
09/04/2015,1.491685125
10/04/2015,1.492184981
13/04/2015,1.493332994
14/04/2015,1.492366029
15/04/2015,1.493173464
16/04/2015,1.493743706
17/04/2015,1.493346605
20/04/2015,1.493095621
21/04/2015,1.493050789
22/04/2015,1.492722535
23/04/2015,1.492875272
24/04/2015,1.491617704
27/04/2015,1.490598909
28/04/2015,1.491958894
29/04/2015,1.491884008
30/04/2015,1.49257437
01/05/2015,1.492617259
04/05/2015,1.493020506
05/05/2015,1.492472323
06/05/2015,1.494194082
07/05/2015,1.493421056
08/05/2015,1.492630676
11/05/2015,1.49594515
12/05/2015,1.498477914
13/05/2015,1.497363958
14/05/2015,1.496213771
15/05/2015,1.497258459
18/05/2015,1.501818697
19/05/2015,1.498976748
20/05/2015,1.500626378
21/05/2015,1.497997123
22/05/2015,1.498672484
25/05/2015,1.498672484
26/05/2015,1.498722234
27/05/2015,1.501026031
28/05/2015,1.500030538
29/05/2015,1.503009891
01/06/2015,1.504616346
02/06/2015,1.506532004
03/06/2015,1.511076661
04/06/2015,1.509734051
05/06/2015,1.517659607
08/06/2015,1.51901922
09/06/2015,1.517838455
10/06/2015,1.518423733
11/06/2015,1.518243196
12/06/2015,1.520991069
15/06/2015,1.523657648
16/06/2015,1.520869028
17/06/2015,1.521341489
18/06/2015,1.522384054
19/06/2015,1.524966668
22/06/2015,1.523672073
23/06/2015,1.524376636
24/06/2015,1.523531135
25/06/2015,1.524564633
26/06/2015,1.524662304
29/06/2015,1.524324271
30/06/2015,1.524353533
01/07/2015,1.523585114
02/07/2015,1.523342656
03/07/2015,1.523342656
06/07/2015,1.523904326
07/07/2015,1.52432148
08/07/2015,1.524172048
09/07/2015,1.523897037
10/07/2015,1.524086182
13/07/2015,1.524241346
14/07/2015,1.523769513
15/07/2015,1.523392084
16/07/2015,1.523682846
17/07/2015,1.523494629
20/07/2015,1.523830041
21/07/2015,1.524093082
22/07/2015,1.524705898
23/07/2015,1.525006661
24/07/2015,1.524503094
27/07/2015,1.52416165
28/07/2015,1.522441689
29/07/2015,1.522704892
30/07/2015,1.52409042
31/07/2015,1.524053549
03/08/2015,1.525345216
04/08/2015,1.527104428
05/08/2015,1.528729459
06/08/2015,1.525871357
07/08/2015,1.52671814
10/08/2015,1.52690152
11/08/2015,1.529534708
12/08/2015,1.527302395
13/08/2015,1.528688487
14/08/2015,1.529869046
17/08/2015,1.532069111
18/08/2015,1.530110645
19/08/2015,1.530624279
20/08/2015,1.524609641
21/08/2015,1.528177907
24/08/2015,1.524932391
25/08/2015,1.53022443
26/08/2015,1.526724986
27/08/2015,1.524404665
28/08/2015,1.527277354
31/08/2015,1.528623115
01/09/2015,1.529129988
02/09/2015,1.530682601
03/09/2015,1.529239095
04/09/2015,1.531969341
07/09/2015,1.531969341
08/09/2015,1.533236341
09/09/2015,1.534890775
10/09/2015,1.53467453
11/09/2015,1.534772707
14/09/2015,1.533752867
15/09/2015,1.533751224
16/09/2015,1.533611352
17/09/2015,1.536043432
18/09/2015,1.536991555
21/09/2015,1.53710705
22/09/2015,1.537156726
23/09/2015,1.537549221
24/09/2015,1.537441173
25/09/2015,1.536952281
28/09/2015,1.536452642
29/09/2015,1.536835902
30/09/2015,1.537003274
01/10/2015,1.536972929
02/10/2015,1.537282776
05/10/2015,1.537146538
06/10/2015,1.537009749
07/10/2015,1.537371914
08/10/2015,1.537422838
09/10/2015,1.536649378
12/10/2015,1.536565548
13/10/2015,1.536783917
14/10/2015,1.536916389
15/10/2015,1.536654583
16/10/2015,1.53640267
19/10/2015,1.536357124
20/10/2015,1.53656996
21/10/2015,1.536403529
22/10/2015,1.53633333
23/10/2015,1.536698498
26/10/2015,1.536157145
27/10/2015,1.535191474
28/10/2015,1.536314445
29/10/2015,1.535762366
30/10/2015,1.535994588
02/11/2015,1.538881501
03/11/2015,1.539454727
04/11/2015,1.539661497
05/11/2015,1.540042685
06/11/2015,1.541060299
09/11/2015,1.541019353
10/11/2015,1.541851411
11/11/2015,1.54009976
12/11/2015,1.540108697
13/11/2015,1.539471521
16/11/2015,1.539075763
17/11/2015,1.541716574
18/11/2015,1.543633582
19/11/2015,1.542958177
20/11/2015,1.543907536
23/11/2015,1.544436815
24/11/2015,1.545989889
25/11/2015,1.547860147
26/11/2015,1.547860147
27/11/2015,1.547380812
30/11/2015,1.546096008
01/12/2015,1.547719088
02/12/2015,1.54837723
03/12/2015,1.547414465
04/12/2015,1.547769324
07/12/2015,1.545675691
08/12/2015,1.54582874
09/12/2015,1.54431918
10/12/2015,1.545002395
11/12/2015,1.543889016
14/12/2015,1.541977296
15/12/2015,1.541867799
16/12/2015,1.540562672
17/12/2015,1.540740006
18/12/2015,1.541123679
21/12/2015,1.5411762
22/12/2015,1.541075629
23/12/2015,1.541012122
24/12/2015,1.541208672
25/12/2015,1.541208672
28/12/2015,1.541318198
29/12/2015,1.541508839
30/12/2015,1.541480399
31/12/2015,1.541055762
01/01/2016,1.541055762
04/01/2016,1.540910179
05/01/2016,1.541987515
06/01/2016,1.542708925
07/01/2016,1.54372284
08/01/2016,1.543319358
11/01/2016,1.543413124
12/01/2016,1.543089696
13/01/2016,1.542208486
14/01/2016,1.542098584
15/01/2016,1.542159855
18/01/2016,1.542159855
19/01/2016,1.542273108
20/01/2016,1.542804545
21/01/2016,1.543499896
22/01/2016,1.543114282
25/01/2016,1.543996577
26/01/2016,1.543713374
27/01/2016,1.543105525
28/01/2016,1.542580959
29/01/2016,1.541785826
01/02/2016,1.542783409
02/02/2016,1.544254248
03/02/2016,1.544726194
04/02/2016,1.54534828
05/02/2016,1.542534439
08/02/2016,1.544042017
09/02/2016,1.542472644
10/02/2016,1.543697588
11/02/2016,1.545011503
12/02/2016,1.544061938
15/02/2016,1.544061938
16/02/2016,1.547250464
17/02/2016,1.54777228
18/02/2016,1.546035173
19/02/2016,1.547047655
22/02/2016,1.545845848
23/02/2016,1.549578893
24/02/2016,1.552767831
25/02/2016,1.55160039
26/02/2016,1.553533548
29/02/2016,1.560358587
01/03/2016,1.556181609
02/03/2016,1.561113784
03/03/2016,1.562988671
04/03/2016,1.562485689
07/03/2016,1.568396044
08/03/2016,1.559708935
09/03/2016,1.561130537
10/03/2016,1.558925223
11/03/2016,1.560427744
14/03/2016,1.559283663
15/03/2016,1.551708407
16/03/2016,1.553940296
17/03/2016,1.556567635
18/03/2016,1.558033109
21/03/2016,1.557534975
22/03/2016,1.557743336
23/03/2016,1.55209071
24/03/2016,1.553266709
25/03/2016,1.553266709
28/03/2016,1.551701585
29/03/2016,1.556459313
30/03/2016,1.555375269
31/03/2016,1.559089621
01/04/2016,1.557082395
04/04/2016,1.555973489
05/04/2016,1.556943791
06/04/2016,1.558509929
07/04/2016,1.558864161
08/04/2016,1.558976099
11/04/2016,1.55897679
12/04/2016,1.559194592
13/04/2016,1.560663065
14/04/2016,1.561381044
15/04/2016,1.560835344
18/04/2016,1.560447862
19/04/2016,1.56023508
20/04/2016,1.560135128
21/04/2016,1.56055214
22/04/2016,1.561161081
25/04/2016,1.561590993
26/04/2016,1.563201211
27/04/2016,1.564777376
28/04/2016,1.563940644
29/04/2016,1.56400695
02/05/2016,1.563154887
03/05/2016,1.556826937
04/05/2016,1.556665632
05/05/2016,1.556575116
06/05/2016,1.556966732
09/05/2016,1.552911685
10/05/2016,1.557755209
11/05/2016,1.564260293
12/05/2016,1.559199024
13/05/2016,1.562147702
16/05/2016,1.561739908
17/05/2016,1.562471808
18/05/2016,1.560178661
19/05/2016,1.559305667
20/05/2016,1.566507165
23/05/2016,1.569868515
24/05/2016,1.569789273
25/05/2016,1.571047627
26/05/2016,1.57045279
27/05/2016,1.572134132
30/05/2016,1.572134132
31/05/2016,1.577820347
01/06/2016,1.585032427
02/06/2016,1.587939124
03/06/2016,1.589142632
06/06/2016,1.595119769
07/06/2016,1.599095774
08/06/2016,1.602301142
09/06/2016,1.602469906
10/06/2016,1.591893835
13/06/2016,1.597260189
14/06/2016,1.599221912
15/06/2016,1.602186765
16/06/2016,1.59744792
17/06/2016,1.600465514
20/06/2016,1.601791239
21/06/2016,1.600275477
22/06/2016,1.600141304
23/06/2016,1.599706966
24/06/2016,1.600002803
27/06/2016,1.598319086
28/06/2016,1.598184212
29/06/2016,1.599109277
30/06/2016,1.599458022
01/07/2016,1.599173975
04/07/2016,1.599173975
05/07/2016,1.599259452
06/07/2016,1.599421849
07/07/2016,1.599435
08/07/2016,1.599912027
11/07/2016,1.600248634
12/07/2016,1.599892599
13/07/2016,1.599446398
14/07/2016,1.59939071
15/07/2016,1.599528073
18/07/2016,1.599851724
19/07/2016,1.599712781
20/07/2016,1.599643168
21/07/2016,1.599816647
22/07/2016,1.599699203
25/07/2016,1.599738623
26/07/2016,1.600580262
27/07/2016,1.600670992
28/07/2016,1.600168881
29/07/2016,1.6002313
01/08/2016,1.59993749
02/08/2016,1.600796744
03/08/2016,1.601756414
04/08/2016,1.600344196
05/08/2016,1.603432697
08/08/2016,1.606328924
09/08/2016,1.607792648
10/08/2016,1.606374209
11/08/2016,1.607897639
12/08/2016,1.60815774
15/08/2016,1.613506307
16/08/2016,1.612282481
17/08/2016,1.608846941
18/08/2016,1.614075649
19/08/2016,1.613920882
22/08/2016,1.612229076
23/08/2016,1.61607449
24/08/2016,1.611296948
25/08/2016,1.613391818
26/08/2016,1.615977116
29/08/2016,1.61614232
30/08/2016,1.61602846
31/08/2016,1.611931962
01/09/2016,1.613821325
02/09/2016,1.6181035
05/09/2016,1.6181035
06/09/2016,1.621794219
07/09/2016,1.623536973
08/09/2016,1.624948785
09/09/2016,1.617786917
12/09/2016,1.617852859
13/09/2016,1.613687606
14/09/2016,1.614565582
15/09/2016,1.617358626
16/09/2016,1.619811684
19/09/2016,1.622046361
20/09/2016,1.621401758
21/09/2016,1.622734834
22/09/2016,1.622693896
23/09/2016,1.621559396
26/09/2016,1.621814587
27/09/2016,1.622390908
28/09/2016,1.622081336
29/09/2016,1.622182692
30/09/2016,1.622171389
03/10/2016,1.622490205
04/10/2016,1.623143011
05/10/2016,1.623632388
06/10/2016,1.622362235
07/10/2016,1.622145367
10/10/2016,1.622382058
11/10/2016,1.622143929
12/10/2016,1.622139526
13/10/2016,1.621542076
14/10/2016,1.621613867
17/10/2016,1.621440098
18/10/2016,1.620843332
19/10/2016,1.620895748
20/10/2016,1.621419568
21/10/2016,1.621247316
24/10/2016,1.621537954
25/10/2016,1.621801854
26/10/2016,1.621707724
27/10/2016,1.621508522
28/10/2016,1.621741913
31/10/2016,1.622304561
01/11/2016,1.62157559
02/11/2016,1.620017715
03/11/2016,1.619098478
04/11/2016,1.618122842
07/11/2016,1.620296954
08/11/2016,1.620322555
09/11/2016,1.620474166
10/11/2016,1.617306091
11/11/2016,1.623531792
14/11/2016,1.623152988
15/11/2016,1.625977395
16/11/2016,1.626902375
17/11/2016,1.630050959
18/11/2016,1.635047823
21/11/2016,1.632504502
22/11/2016,1.631420387
23/11/2016,1.633250935
24/11/2016,1.633250935
25/11/2016,1.631073211
28/11/2016,1.628238793
29/11/2016,1.627723309
30/11/2016,1.634616214
01/12/2016,1.625927948
02/12/2016,1.628564567
05/12/2016,1.630801882
06/12/2016,1.633588457
07/12/2016,1.631646032
08/12/2016,1.634783615
09/12/2016,1.629013241
12/12/2016,1.626187572
13/12/2016,1.624777633
14/12/2016,1.624620206
15/12/2016,1.626678866
16/12/2016,1.626646902
19/12/2016,1.626472152
20/12/2016,1.627737686
21/12/2016,1.626996516
22/12/2016,1.624527013
23/12/2016,1.624567272
26/12/2016,1.624567272
27/12/2016,1.625044482
28/12/2016,1.624664803
29/12/2016,1.62418491
30/12/2016,1.623731822
02/01/2017,1.623731822
03/01/2017,1.623575152
04/01/2017,1.624490757
05/01/2017,1.623208341
06/01/2017,1.622474867
09/01/2017,1.622822071
10/01/2017,1.623348619
11/01/2017,1.623676167
12/01/2017,1.623230519
13/01/2017,1.62313425
16/01/2017,1.62313425
17/01/2017,1.622866366
18/01/2017,1.623148387
19/01/2017,1.62308382
20/01/2017,1.623129905
23/01/2017,1.623077602
24/01/2017,1.623387271
25/01/2017,1.623003312
26/01/2017,1.622929959
27/01/2017,1.623178935
30/01/2017,1.623313777
31/01/2017,1.622966726
01/02/2017,1.624280639
02/02/2017,1.622362955
03/02/2017,1.622715416
06/02/2017,1.623300408
07/02/2017,1.623724871
08/02/2017,1.621536525
09/02/2017,1.621197153
10/02/2017,1.621347341
13/02/2017,1.622168978
14/02/2017,1.62078203
15/02/2017,1.621031508
16/02/2017,1.621054782
17/02/2017,1.620075959
20/02/2017,1.620075959
21/02/2017,1.622353939
22/02/2017,1.622352508
23/02/2017,1.618151679
24/02/2017,1.616933073
27/02/2017,1.619531762
28/02/2017,1.616512712
01/03/2017,1.620701519
02/03/2017,1.618490282
03/03/2017,1.620249754
06/03/2017,1.621164953
07/03/2017,1.62184543
08/03/2017,1.618492443
09/03/2017,1.618732515
10/03/2017,1.61798295
13/03/2017,1.620227928
14/03/2017,1.619187584
15/03/2017,1.622973456
16/03/2017,1.622866441
17/03/2017,1.624332579
20/03/2017,1.624825701
21/03/2017,1.620494574
22/03/2017,1.621715594
23/03/2017,1.623832298
24/03/2017,1.624813743
27/03/2017,1.625999667
28/03/2017,1.626429068
29/03/2017,1.627843803
30/03/2017,1.627924927
31/03/2017,1.62936654
03/04/2017,1.629639209
04/04/2017,1.630104266
05/04/2017,1.628279065
06/04/2017,1.62941161
07/04/2017,1.629281316
10/04/2017,1.629361791
11/04/2017,1.630678254
12/04/2017,1.629223322
13/04/2017,1.629803225
14/04/2017,1.629803225
17/04/2017,1.629440895
18/04/2017,1.629299076
19/04/2017,1.62955753
20/04/2017,1.629815576
21/04/2017,1.62982426
24/04/2017,1.629826615
25/04/2017,1.629917701
26/04/2017,1.630423859
27/04/2017,1.629021552
28/04/2017,1.627452351
01/05/2017,1.630327018
02/05/2017,1.629331885
03/05/2017,1.630479761
04/05/2017,1.628667691
05/05/2017,1.628914711
08/05/2017,1.627070076
09/05/2017,1.62899999
10/05/2017,1.631867505
11/05/2017,1.631221449
12/05/2017,1.630174292
15/05/2017,1.633882045
16/05/2017,1.636197048
17/05/2017,1.626513559
18/05/2017,1.62783986
19/05/2017,1.629871067
22/05/2017,1.632589436
23/05/2017,1.631167114
24/05/2017,1.631287127
25/05/2017,1.62908664
26/05/2017,1.63152924
29/05/2017,1.63152924
30/05/2017,1.628210533
31/05/2017,1.628014223
01/06/2017,1.634733377
02/06/2017,1.635074445
05/06/2017,1.633228344
06/06/2017,1.636487242
07/06/2017,1.634283627
08/06/2017,1.64166233
09/06/2017,1.633278458
12/06/2017,1.631041512
13/06/2017,1.632731892
14/06/2017,1.629049205
15/06/2017,1.626518102
16/06/2017,1.625870346
19/06/2017,1.626164042
20/06/2017,1.625839974
21/06/2017,1.626451123
22/06/2017,1.627134426
23/06/2017,1.628513116
26/06/2017,1.628175714
27/06/2017,1.627585277
28/06/2017,1.62821898
29/06/2017,1.627927149
30/06/2017,1.627931291
03/07/2017,1.627700008
04/07/2017,1.627700008
05/07/2017,1.62798373
06/07/2017,1.628231815
07/07/2017,1.62868973
10/07/2017,1.62843935
11/07/2017,1.629215976
12/07/2017,1.629411362
13/07/2017,1.628972156
14/07/2017,1.628727442
17/07/2017,1.629040607
18/07/2017,1.628637454
19/07/2017,1.628828278
20/07/2017,1.62879528
21/07/2017,1.62853499
24/07/2017,1.628684381
25/07/2017,1.629228028
26/07/2017,1.629009634
27/07/2017,1.628284762
28/07/2017,1.628020888
31/07/2017,1.627932455
01/08/2017,1.627549473
02/08/2017,1.626805979
03/08/2017,1.626876562
04/08/2017,1.626871083
07/08/2017,1.62921274
08/08/2017,1.629863779
09/08/2017,1.630136485
10/08/2017,1.629323125
11/08/2017,1.63092148
14/08/2017,1.632449121
15/08/2017,1.632325796
16/08/2017,1.631562698
17/08/2017,1.631208829
18/08/2017,1.632326924
21/08/2017,1.632455374
22/08/2017,1.632898125
23/08/2017,1.634443469
24/08/2017,1.634715298
25/08/2017,1.63412498
28/08/2017,1.636355413
29/08/2017,1.638678019
30/08/2017,1.640316994
31/08/2017,1.640763753
01/09/2017,1.642291396
04/09/2017,1.642291396
05/09/2017,1.640885798
06/09/2017,1.639601904
07/09/2017,1.641688307
08/09/2017,1.643495846
11/09/2017,1.642588361
12/09/2017,1.642648837
13/09/2017,1.64235759
14/09/2017,1.643339845
15/09/2017,1.643444956
18/09/2017,1.645546024
19/09/2017,1.646825255
20/09/2017,1.647570048
21/09/2017,1.648227115
22/09/2017,1.648341987
25/09/2017,1.647505267
26/09/2017,1.647376909
27/09/2017,1.648175347
28/09/2017,1.648276948
29/09/2017,1.648155921
02/10/2017,1.648060813
03/10/2017,1.648042173
04/10/2017,1.647568739
05/10/2017,1.647615226
06/10/2017,1.647756165
09/10/2017,1.647432527
10/10/2017,1.647291173
11/10/2017,1.64715306
12/10/2017,1.647209215
13/10/2017,1.647013279
16/10/2017,1.64711155
17/10/2017,1.646994842
18/10/2017,1.647418084
19/10/2017,1.647654144
20/10/2017,1.647740714
23/10/2017,1.64793252
24/10/2017,1.648075439
25/10/2017,1.647339846
26/10/2017,1.647975821
27/10/2017,1.64780521
30/10/2017,1.647587504
31/10/2017,1.648914866
01/11/2017,1.648902764
02/11/2017,1.649939302
03/11/2017,1.650207741
06/11/2017,1.65375067
07/11/2017,1.651400794
08/11/2017,1.65315298
09/11/2017,1.653173831
10/11/2017,1.654591102
13/11/2017,1.654812378
14/11/2017,1.654187362
15/11/2017,1.652871407
16/11/2017,1.658614003
17/11/2017,1.661428037
20/11/2017,1.665523557
21/11/2017,1.669915719
22/11/2017,1.669905273
23/11/2017,1.669905273
24/11/2017,1.673205733
27/11/2017,1.666436783
28/11/2017,1.666322542
29/11/2017,1.657218149
30/11/2017,1.657726338
01/12/2017,1.657863932
04/12/2017,1.646452219
05/12/2017,1.647118856
06/12/2017,1.641808671
07/12/2017,1.647103006
08/12/2017,1.648396486
11/12/2017,1.647409685
12/12/2017,1.642800166
13/12/2017,1.648169429
14/12/2017,1.646824391
15/12/2017,1.647273117
18/12/2017,1.650445
19/12/2017,1.649484977
20/12/2017,1.650161749
21/12/2017,1.651019251
22/12/2017,1.651066213
25/12/2017,1.651066213
26/12/2017,1.652677482
27/12/2017,1.651767731
28/12/2017,1.651906335
29/12/2017,1.65129995
