,2018-09-28 00:00:00,ticker,date,holding,size,revision
"('VNTR US', '31/Jul/2018', None, None)",-0.41028197562910707,VNTR US,31/Jul/2018,40,0.002357476322091773,-0.2636108023753596
"('CVIA US', '14/Aug/2018', None, None)",-0.362559434276136,CVIA US,14/Aug/2018,33,0.0021399336456072696,-0.391908674415963
"('CDE US', '26/Jul/2018', None, None)",-0.23893502253107934,CDE US,26/Jul/2018,40,0.0026392618577777216,2.2062471290767114
"('NNBR US', '09/Aug/2018', None, None)",-0.23602552063898052,NNBR US,09/Aug/2018,36,0.002369050753826158,-0.009751792001236532
"('TCL/A CN', '06/Sep/2018', None, None)",-0.23213662331135732,TCL/A CN,06/Sep/2018,16,0.005395891403066837,-0.07011037840564366
"('SOHU US', '30/Jul/2018', None, None)",-0.22709832067810976,SOHU US,30/Jul/2018,40,0.002054573741622926,0.12490454412782638
"('WTTR US', '10/Aug/2018', None, None)",-0.21563661418920932,WTTR US,10/Aug/2018,35,0.003244727058407124,-0.0501405119435152
"('LE US', '06/Sep/2018', None, None)",-0.2121378395030693,LE US,06/Sep/2018,16,0.0016614135798948691,-0.18371919342793128
"('TTGT US', '09/Aug/2018', None, None)",-0.2119039650595007,TTGT US,09/Aug/2018,36,0.001718769181140147,0.05632667097100199
"('CECO US', '02/Aug/2018', None, None)",-0.2001762420318708,CECO US,02/Aug/2018,40,0.0039443510599067476,-0.00475123263110718
"('LJPC US', '09/Aug/2018', None, None)",-0.19250731231562435,LJPC US,09/Aug/2018,36,0.0017734410411436718,-0.18381636700285342
"('EDV CN', '01/Aug/2018', None, None)",-0.16301985936545937,EDV CN,01/Aug/2018,40,0.004546887241845189,-0.19232996835674718
"('VECO US', '02/Aug/2018', None, None)",-0.16135837481651483,VECO US,02/Aug/2018,40,0.0023142174313154893,-0.16089043216702792
"('AGM US', '09/Aug/2018', None, None)",-0.15530370221485035,AGM US,09/Aug/2018,36,0.003041499871649999,-0.049726633689143415
"('CZZ US', '09/Aug/2018', None, None)",-0.15236402735163468,CZZ US,09/Aug/2018,36,0.0023913747766727317,-0.4473436093013401
"('QD US', '24/Aug/2018', None, None)",-0.145572630117193,QD US,24/Aug/2018,25,0.0012691012411275597,-0.03361758409903438
"('JG US', '07/Sep/2018', None, None)",-0.13629483819419475,JG US,07/Sep/2018,15,0.0006226925761264547,-7.000378024193549
"('BCEI US', '09/Aug/2018', None, None)",-0.1338052185262546,BCEI US,09/Aug/2018,36,0.002051767861089083,-0.18729084713333038
"('INFN US', '08/Aug/2018', None, None)",-0.13195449494932754,INFN US,08/Aug/2018,37,0.002312890553564681,-0.06807897984368579
"('RMBS US', '31/Jul/2018', None, None)",-0.13184741772150765,RMBS US,31/Jul/2018,40,0.004146511532925324,0.0047146519109136555
"('KOP US', '09/Aug/2018', None, None)",-0.12855651469572194,KOP US,09/Aug/2018,36,0.003307343472428658,0.049057117876733614
"('PBI US', '01/Aug/2018', None, None)",-0.12797837538292722,PBI US,01/Aug/2018,40,0.0034393258093146166,-0.009941688175126669
"('DF US', '07/Aug/2018', None, None)",-0.12544586639852573,DF US,07/Aug/2018,38,0.003531932328149002,-0.2964560297886442
"('DFIN US', '02/Aug/2018', None, None)",-0.12251531089554457,DFIN US,02/Aug/2018,40,0.0031562754932233095,-0.051768942649554325
"('ACCO US', '31/Jul/2018', None, None)",-0.11998923083132762,ACCO US,31/Jul/2018,40,0.003945106946343389,-0.0066371681415929255
"('EXTR US', '08/Aug/2018', None, None)",-0.1168619609129915,EXTR US,08/Aug/2018,37,0.002384472900891076,-0.5089820359281437
"('CASH US', '27/Jul/2018', None, None)",-0.11583159895345496,CASH US,27/Jul/2018,40,0.00355617109717699,-0.07745297565332365
"('MMI US', '08/Aug/2018', None, None)",-0.11371504463363669,MMI US,08/Aug/2018,37,0.005255092607977409,0.0023645191418241764
"('ATNX US', '14/Aug/2018', None, None)",-0.1099772367547669,ATNX US,14/Aug/2018,33,0.0021898722634983783,-0.13087085328464634
"('SMF CN', '08/Aug/2018', None, None)",-0.10961252088099016,SMF CN,08/Aug/2018,37,0.0035534457644164404,-0.17269970801826753
"('CRTO US', '01/Aug/2018', None, None)",-0.1070256873684462,CRTO US,01/Aug/2018,40,0.0020342811096584696,-0.07044226319969606
"('SALT US', '23/Jul/2018', None, None)",-0.10128760656944669,SALT US,23/Jul/2018,40,0.0032181207819433136,-0.12270861222668453
"('DESP US', '16/Aug/2018', None, None)",-0.09997002462241744,DESP US,16/Aug/2018,31,0.0022460356452694103,-0.3748724634862343
"('AXGN US', '02/Aug/2018', None, None)",-0.09983648939521739,AXGN US,02/Aug/2018,40,0.0016238255389757078,-0.22727272727272732
"('TMST US', '27/Jul/2018', None, None)",-0.09901282852442983,TMST US,27/Jul/2018,40,0.002059304836556562,-0.3137034238755336
"('BPFH US', '19/Jul/2018', None, None)",-0.09807929614660338,BPFH US,19/Jul/2018,40,0.0050186163128273535,-0.039579805144348626
"('RVNC US', '03/Aug/2018', None, None)",-0.0973891989395036,RVNC US,03/Aug/2018,40,0.0023868377398226052,-0.02492698863708975
"('CBLK US', '08/Aug/2018', None, None)",-0.09736865493384228,CBLK US,08/Aug/2018,37,0.0010512781855928465,0.034909105342541866
"('ZZZ CN', '03/Aug/2018', None, None)",-0.09406085645077589,ZZZ CN,03/Aug/2018,40,0.003529067407461958,-0.008320589578132746
"('PLUS US', '09/Aug/2018', None, None)",-0.09325252698375464,PLUS US,09/Aug/2018,36,0.004186851925173074,0.009980056885557118
"('ASIX US', '03/Aug/2018', None, None)",-0.09079938710994773,ASIX US,03/Aug/2018,40,0.0030420761272837624,-0.08593486964599362
"('RUN US', '10/Aug/2018', None, None)",-0.0892874870276329,RUN US,10/Aug/2018,35,0.0016245192028796565,-0.07515969561410663
"('MEI US', '30/Aug/2018', None, None)",-0.0888158777050353,MEI US,30/Aug/2018,21,0.004119120174814811,-0.03594636813406326
"('ABEO US', '10/Aug/2018', None, None)",-0.0872656924999482,ABEO US,10/Aug/2018,35,0.0017293447353466669,-0.15765691911599983
"('VBTX US', '24/Jul/2018', None, None)",-0.08615773192027676,VBTX US,24/Jul/2018,40,0.00455200752238927,0.1257419164328953
"('BLX CN', '10/Aug/2018', None, None)",-0.0857275367390613,BLX CN,10/Aug/2018,35,0.00634072534655234,-0.4189793414492954
"('GDEN US', '09/Aug/2018', None, None)",-0.08482612639265974,GDEN US,09/Aug/2018,36,0.0020048127864945313,-0.057405405405405334
"('MODN US', '08/Aug/2018', None, None)",-0.08330975327287327,MODN US,08/Aug/2018,37,0.0026196991004529316,0.10416666666666664
"('IMPV US', '27/Jul/2018', None, None)",-0.08313649428884107,IMPV US,27/Jul/2018,40,0.0030181386154508167,-0.6020831832130485
"('DENN US', '31/Jul/2018', None, None)",-0.08198062369233028,DENN US,31/Jul/2018,40,0.00456001245579598,-0.006987728866380995
"('JCP US', '16/Aug/2018', None, None)",-0.08127313093737731,JCP US,16/Aug/2018,31,0.0019125803684970789,-12.408510638297873
"('CARO US', '24/Jul/2018', None, None)",-0.08088977308728473,CARO US,24/Jul/2018,40,0.0034489398926964994,-0.024977585516951447
"('PFS US', '27/Jul/2018', None, None)",-0.07779403625625358,PFS US,27/Jul/2018,40,0.006308663403179298,-0.07864074189153658
"('SXC US', '26/Jul/2018', None, None)",-0.07773319215748842,SXC US,26/Jul/2018,40,0.0025226139738943943,-0.07287261575724427
"('LXRX US', '30/Jul/2018', None, None)",-0.07610673449856264,LXRX US,30/Jul/2018,40,0.0017670832496067962,0.35746864126119265
"('KURA US', '07/Aug/2018', None, None)",-0.07486294671361204,KURA US,07/Aug/2018,38,0.0021604473997471193,0.03562054147880023
"('WD US', '01/Aug/2018', None, None)",-0.07459853361002489,WD US,01/Aug/2018,40,0.0031544747750903456,-0.021837003576134037
"('SASR US', '19/Jul/2018', None, None)",-0.07053202755980459,SASR US,19/Jul/2018,40,0.005038480763350369,-0.03505151843082375
"('CUBI US', '26/Jul/2018', None, None)",-0.07042532177221816,CUBI US,26/Jul/2018,40,0.0037101293361814637,-0.062138598235200584
"('AMR US', '15/Aug/2018', None, None)",-0.068469001768659,AMR US,15/Aug/2018,32,0.0011733321275023065,-0.39367445608380336
"('BOOM US', '27/Jul/2018', None, None)",-0.06751991607092478,BOOM US,27/Jul/2018,40,0.002358550284341388,0.001197362203042356
"('FFWM US', '30/Jul/2018', None, None)",-0.06517918156107627,FFWM US,30/Jul/2018,40,0.004375610790605524,-0.1452116739230469
"('FDP US', '31/Jul/2018', None, None)",-0.062375530522757905,FDP US,31/Jul/2018,40,0.0056187380549489584,-0.36786035015775376
"('FRGI US', '07/Aug/2018', None, None)",-0.06053462494379325,FRGI US,07/Aug/2018,38,0.00321508268058297,0.06246556870225867
"('ANF US', '30/Aug/2018', None, None)",-0.059159189079022845,ANF US,30/Aug/2018,21,0.0015712143423673342,-0.043005983212764484
"('LOB US', '26/Jul/2018', None, None)",-0.05678741457325531,LOB US,26/Jul/2018,40,0.0036038372195356778,-0.016604278074866252
"('ENVA US', '27/Jul/2018', None, None)",-0.05603479668035882,ENVA US,27/Jul/2018,40,0.002704987101406851,0.01847988402384912
"('TWNK US', '08/Aug/2018', None, None)",-0.05550916315724386,TWNK US,08/Aug/2018,37,0.004015445961124976,-0.18256269736922942
"('APEI US', '09/Aug/2018', None, None)",-0.05335244600928346,APEI US,09/Aug/2018,36,0.0037716329089536784,-0.028339352164855548
"('INST US', '31/Jul/2018', None, None)",-0.05271449354675206,INST US,31/Jul/2018,40,0.0020235127854333836,-0.012809918121026734
"('ETH US', '26/Jul/2018', None, None)",-0.051678479095646934,ETH US,26/Jul/2018,40,0.0036414964638928956,-0.06350184956843402
"('OSPN US', '27/Jul/2018', None, None)",-0.05085047003832066,OSPN US,27/Jul/2018,40,0.0027337988575878544,-0.0773972602739725
"('HPR US', '09/Aug/2018', None, None)",-0.04990104573670562,HPR US,09/Aug/2018,36,0.0021413309790911353,-0.1756410256410256
"('NEWM US', '02/Aug/2018', None, None)",-0.04700185804959911,NEWM US,02/Aug/2018,40,0.00508280140159373,-0.06404864741986821
"('AAWW US', '02/Aug/2018', None, None)",-0.04626468806343764,AAWW US,02/Aug/2018,40,0.0034157780371039657,0.052722944592634796
"('SBCF US', '27/Jul/2018', None, None)",-0.042724199355417936,SBCF US,27/Jul/2018,40,0.004466568612001101,-0.05512778497389138
"('PLOW US', '07/Aug/2018', None, None)",-0.04162450178632193,PLOW US,07/Aug/2018,38,0.0036022378445167026,-0.012863895583129094
"('CAL US', '05/Sep/2018', None, None)",-0.04151646295834166,CAL US,05/Sep/2018,17,0.002690281968233084,0.01244267151888398
"('SCHL US', '19/Jul/2018', '27/Sep/2018', None)",-0.04074392695136797,SCHL US,19/Jul/2018,40,0.006179086084417581,-0.15028901734104047
"('LMAT US', '27/Jul/2018', None, None)",-0.0405650417149811,LMAT US,27/Jul/2018,40,0.003015223819074183,-0.016326227636788718
"('JBSS US', '23/Aug/2018', None, None)",-0.03793157595302876,JBSS US,23/Aug/2018,26,0.004829637312574986,-0.059523809523809514
"('OPB US', '23/Jul/2018', None, None)",-0.035722598593719845,OPB US,23/Jul/2018,40,0.004245495375149246,-0.10204910063198827
"('LDL US', '01/Aug/2018', None, None)",-0.035469131833801626,LDL US,01/Aug/2018,40,0.004733595486614852,-0.04763483106731997
"('MWA US', '07/Aug/2018', None, None)",-0.034211969701968714,MWA US,07/Aug/2018,38,0.0048144495709622525,-0.039631630539525745
"('PRIM US', '07/Aug/2018', None, None)",-0.03202243533374449,PRIM US,07/Aug/2018,38,0.004392526476780528,0.03906476323885872
"('APOG US', '18/Sep/2018', None, None)",-0.030510129036848577,APOG US,18/Sep/2018,8,0.005837842819011877,-0.06660058696217765
"('UNFI US', '21/Sep/2018', None, None)",-0.027886001136156247,UNFI US,21/Sep/2018,5,0.004538331085560117,-0.0304740406320542
"('BIG US', '31/Aug/2018', None, None)",-0.026837527379463544,BIG US,31/Aug/2018,20,0.003569373314340609,-0.026938761539665124
"('INE CN', '14/Aug/2018', None, None)",-0.025482594486559207,INE CN,14/Aug/2018,33,0.005290609528560021,-0.10167029774872917
"('PRAA US', '08/Aug/2018', None, None)",-0.025377651315522165,PRAA US,08/Aug/2018,37,0.003220046664772998,-0.160844515618385
"('BSIG US', '02/Aug/2018', None, None)",-0.024185154860719593,BSIG US,02/Aug/2018,40,0.003674658435583626,-0.018015690002045955
"('CMRE US', '25/Jul/2018', None, None)",-0.02383015786109166,CMRE US,25/Jul/2018,40,0.0028588183576091324,0.04482630946900222
"('TUP US', '25/Jul/2018', None, None)",-0.023530935153123655,TUP US,25/Jul/2018,40,0.0022667758931484094,-0.048707134102896135
"('EEX US', '02/Aug/2018', None, None)",-0.023332357535180925,EEX US,02/Aug/2018,40,0.007654914644546326,-0.011474756757153095
"('HBM CN', '01/Aug/2018', None, None)",-0.02271793536286315,HBM CN,01/Aug/2018,40,0.002129158208923544,-0.19932189728583694
"('HRI US', '08/Aug/2018', None, None)",-0.02116824961790431,HRI US,08/Aug/2018,37,0.002794176357888303,-0.002423383396530577
"('MATW US', '27/Jul/2018', None, None)",-0.021158052575950714,MATW US,27/Jul/2018,40,0.004602196409863206,-0.0041889690481731485
"('FOSL US', '08/Aug/2018', None, None)",-0.019060704105356763,FOSL US,08/Aug/2018,37,0.001300274434656867,2.30186318131257
"('DPLO US', '07/Aug/2018', None, None)",-0.01906038115116404,DPLO US,07/Aug/2018,38,0.001876432672793679,-0.10175252596927384
"('MGLN US', '27/Jul/2018', None, None)",-0.01833647649417902,MGLN US,27/Jul/2018,40,0.0038759722977216747,-0.12782636243345674
"('FR CN', '13/Aug/2018', None, None)",-0.017434477832283468,FR CN,13/Aug/2018,34,0.0020141905076043734,-1.110846560846561
"('ANIP US', '07/Aug/2018', None, None)",-0.017422664730976534,ANIP US,07/Aug/2018,38,0.003779470497166825,-0.11674399760772478
"('LB CN', '04/Sep/2018', None, None)",-0.01500710545654882,LB CN,04/Sep/2018,18,0.007523022812288725,-0.08458331240086987
"('VREX US', '03/Aug/2018', None, None)",-0.014583108583653415,VREX US,03/Aug/2018,40,0.003794182347177787,-0.25961769115442285
"('CONN US', '04/Sep/2018', None, None)",-0.012969177898466633,CONN US,04/Sep/2018,18,0.0018132852079703278,0.053625308494828744
"('FIT US', '02/Aug/2018', None, None)",-0.010361610851111536,FIT US,02/Aug/2018,40,0.0020729728483966743,0.06308335836420467
"('UFCS US', '08/Aug/2018', None, None)",-0.008374582321634017,UFCS US,08/Aug/2018,37,0.004332715723772904,-0.17078792621739833
"('IOSP US', '08/Aug/2018', None, None)",-0.007370287009948573,IOSP US,08/Aug/2018,37,0.003454346961881467,-0.019008769008768987
"('TCX US', '09/Aug/2018', None, None)",-0.005390537340296264,TCX US,09/Aug/2018,36,0.005515727681647046,-0.3708426606971539
"('HOLI US', '15/Aug/2018', None, None)",-0.0035548846139634716,HOLI US,15/Aug/2018,32,0.004061542107619352,0.0004625346901019121
"('PBYI US', '10/Aug/2018', None, None)",-0.0023886916322515273,PBYI US,10/Aug/2018,35,0.002528746128522336,5.5130960529317825
"('PRSC US', '08/Aug/2018', None, None)",-0.0009241753291228116,PRSC US,08/Aug/2018,37,0.002567637928687227,0.0142857142857143
"('EPZM US', '02/Aug/2018', None, None)",-0.00048144580306808127,EPZM US,02/Aug/2018,40,0.0014142625025871836,0.042967292288998975
"('CERS US', '03/Aug/2018', None, None)",-0.000215980188475684,CERS US,03/Aug/2018,40,0.002309178705897042,0.00817314155128378
"('SXI US', '28/Aug/2018', None, None)",0.001338121886164112,SXI US,28/Aug/2018,23,0.004317091575979917,-0.009290540540540492
"('CSGS US', '02/Aug/2018', None, None)",0.004140672491917297,CSGS US,02/Aug/2018,40,0.005774272169914949,0.012798600266065156
"('AMBA US', '31/Aug/2018', None, None)",0.0055072142190484286,AMBA US,31/Aug/2018,20,0.0036846236329364534,-0.41209635205703105
"('ANGO US', '27/Sep/2018', None, None)",0.006488344899463483,ANGO US,27/Sep/2018,1,0.003979058276985521,-0.008633547318649652
"('MOV US', '29/Aug/2018', None, None)",0.006793562583742752,MOV US,29/Aug/2018,22,0.002520169326467864,0.026078854172616697
"('BHE US', '25/Jul/2018', None, None)",0.006852520425377762,BHE US,25/Jul/2018,40,0.00408220774686585,-0.051198924857944576
"('AKS US', '31/Jul/2018', None, None)",0.008550371783407229,AKS US,31/Jul/2018,40,0.002059598856469531,-0.02884407096171805
"('ATU US', '26/Sep/2018', None, None)",0.009570407281535687,ATU US,26/Sep/2018,2,0.005002092009395323,-0.08108108108108107
"('SPTN US', '16/Aug/2018', None, None)",0.010334001690738281,SPTN US,16/Aug/2018,31,0.0035031752658996433,-0.10394209293290528
"('EIGI US', '26/Jul/2018', None, None)",0.012729602652121752,EIGI US,26/Jul/2018,40,0.003014487352894356,-2.2
"('ATSG US', '07/Aug/2018', None, None)",0.016365739605292084,ATSG US,07/Aug/2018,38,0.0024384271906384976,0.0028287516853123546
"('CPK US', '09/Aug/2018', None, None)",0.018460729765910067,CPK US,09/Aug/2018,36,0.004840514199783025,-0.005248482860423163
"('PETS US', '23/Jul/2018', None, None)",0.018732065457311098,PETS US,23/Jul/2018,40,0.0016487943355351544,-0.02578440274414854
"('FSCT US', '10/Aug/2018', None, None)",0.020752819351063767,FSCT US,10/Aug/2018,35,0.002116477530989624,0.09117667346128136
"('NPO US', '02/Aug/2018', None, None)",0.021251608431155145,NPO US,02/Aug/2018,40,0.003738582537512611,-0.02611586146890912
"('CEVA US', '07/Aug/2018', None, None)",0.022222319930744083,CEVA US,07/Aug/2018,38,0.003035529026542163,-0.3175585284280936
"('HAFC US', '25/Jul/2018', None, None)",0.023648462560690753,HAFC US,25/Jul/2018,40,0.005188840266673507,-0.06373808591000085
"('QNST US', '07/Aug/2018', None, None)",0.025425228956364787,QNST US,07/Aug/2018,38,0.0017532278237119643,0.11764705882352935
"('HCC US', '02/Aug/2018', None, None)",0.025536637597893153,HCC US,02/Aug/2018,40,0.0018995422291388144,-0.019478456909073974
"('CRK US', '08/Aug/2018', None, None)",0.027419448541694313,CRK US,08/Aug/2018,37,0.0016267867309002414,-0.5909013711113873
"('AIR US', '11/Jul/2018', '26/Sep/2018', None)",0.02883613280105579,AIR US,11/Jul/2018,40,0.003931029746192149,-0.000739371534196016
"('CORT US', '10/Aug/2018', None, None)",0.028939894880240402,CORT US,10/Aug/2018,35,0.002120406354233473,-0.2234818446158653
"('TILE US', '26/Jul/2018', None, None)",0.030557396222495647,TILE US,26/Jul/2018,40,0.003976164718507344,0.01972310111066805
"('ITG US', '08/Aug/2018', None, None)",0.03064712614008669,ITG US,08/Aug/2018,37,0.005113913294355272,0.007752360203340525
"('LC US', '08/Aug/2018', None, None)",0.03337878201996336,LC US,08/Aug/2018,37,0.0017849093253731146,0.023324607329842952
"('HCG CN', '14/Aug/2018', None, None)",0.03534686297201195,HCG CN,14/Aug/2018,33,0.004729916784288581,-0.09613795324686183
"('ASTE US', '24/Jul/2018', None, None)",0.03640891562064397,ASTE US,24/Jul/2018,40,0.004525985884403222,-0.05492429994280107
"('CLNE US', '08/Aug/2018', None, None)",0.036622522785012324,CLNE US,08/Aug/2018,37,0.0011664738759008958,-0.11302681992337166
"('APLS US', '01/Aug/2018', None, None)",0.03899889260121103,APLS US,01/Aug/2018,40,0.0015580313729049303,-0.09344135359908222
"('TBK US', '19/Jul/2018', None, None)",0.03905656147047365,TBK US,19/Jul/2018,40,0.004659680411161816,-0.01744229562196792
"('SYNA US', '10/Aug/2018', None, None)",0.039385794968723964,SYNA US,10/Aug/2018,35,0.0024882668481897934,-0.02150991142977653
"('ADUS US', '07/Aug/2018', None, None)",0.04226043131463286,ADUS US,07/Aug/2018,38,0.0025452394162085697,-0.11816261617215848
"('MTSC US', '07/Aug/2018', None, None)",0.05364473988740004,MTSC US,07/Aug/2018,38,0.004502211004890366,-0.1145775026386069
"('ENSG US', '03/Aug/2018', None, None)",0.055906938632861,ENSG US,03/Aug/2018,40,0.003027601994306674,0.0006966978430997719
"('XENT US', '01/Aug/2018', None, None)",0.057225755861087135,XENT US,01/Aug/2018,40,0.002371349474821661,-0.9840430739109153
"('LNTH US', '02/Aug/2018', None, None)",0.05801894400145269,LNTH US,02/Aug/2018,40,0.0016559603869020477,-0.017894181856104974
"('CNSL US', '02/Aug/2018', None, None)",0.0607775873938563,CNSL US,02/Aug/2018,40,0.002581247746906312,-0.14542061441286247
"('MGPI US', '02/Aug/2018', None, None)",0.06412327849429889,MGPI US,02/Aug/2018,40,0.002520568636414468,0.0012315270935960327
"('OMI US', '07/Aug/2018', None, None)",0.06676521009453196,OMI US,07/Aug/2018,38,0.0032955824618310496,-0.2737266842865297
"('WJA CN', '31/Jul/2018', None, None)",0.06777107100986401,WJA CN,31/Jul/2018,40,0.0025084719068537258,-0.288992570703352
"('SPN US', '25/Jul/2018', None, None)",0.07484774279416517,SPN US,25/Jul/2018,40,0.002125590195554402,-0.03651150459661093
"('MINI US', '26/Jul/2018', None, None)",0.07722208482084825,MINI US,26/Jul/2018,40,0.004120602553435531,-0.008403121105997627
"('RCH CN', '05/Jul/2018', None, None)",0.07831843390932858,RCH CN,05/Jul/2018,40,0.005090045367044463,-0.019419115163795953
"('NSIT US', '01/Aug/2018', None, None)",0.07980178799766735,NSIT US,01/Aug/2018,40,0.0040532136230798065,0.03870813693324014
"('VYGR US', '08/Aug/2018', None, None)",0.08464725013700547,VYGR US,08/Aug/2018,37,0.0013138585825274948,-0.056065035646509706
"('OFIX US', '07/Aug/2018', None, None)",0.09029839239257997,OFIX US,07/Aug/2018,38,0.004261778649477719,-0.008799082075334185
"('SNHY US', '07/Aug/2018', None, None)",0.09567583829565662,SNHY US,07/Aug/2018,38,0.003054618775080639,-0.0364281990109491
"('VCRA US', '27/Jul/2018', None, None)",0.09668425925169455,VCRA US,27/Jul/2018,40,0.0030702577706198633,-0.11570995959217859
"('DOMO US', '07/Sep/2018', None, None)",0.09829405816552139,DOMO US,07/Sep/2018,15,0.0013590931324852222,0.02170690020716116
"('HSKA US', '07/Aug/2018', None, None)",0.10073022880014504,HSKA US,07/Aug/2018,38,0.0027180134593604195,-0.011665544080227502
"('IMAX US', '26/Jul/2018', None, None)",0.10107559072862204,IMAX US,26/Jul/2018,40,0.003107726686483942,0.03888285508911663
"('MSTR US', '27/Jul/2018', None, None)",0.10350183984142158,MSTR US,27/Jul/2018,40,0.0041122254174468555,0.20951288744709434
"('CWH US', '08/Aug/2018', None, None)",0.10591205736453602,CWH US,08/Aug/2018,37,0.001784735303166688,-0.1462564022359749
"('HSTM US', '24/Jul/2018', None, None)",0.10899545028354396,HSTM US,24/Jul/2018,40,0.0027615154159294983,0.07180533692174891
"('GPRK US', '09/Aug/2018', None, None)",0.10911767351368029,GPRK US,09/Aug/2018,36,0.002709694629092392,-0.0044452723275473435
"('CMTL US', '27/Sep/2018', None, None)",0.10935079979969187,CMTL US,27/Sep/2018,1,0.003405312971896594,0.27176781002638517
"('ECOL US', '03/Aug/2018', None, None)",0.11532372550217973,ECOL US,03/Aug/2018,40,0.004359778323968909,0.007672956650498548
"('CNNE US', '13/Aug/2018', None, None)",0.11759831276023291,CNNE US,13/Aug/2018,34,0.004086539072404685,0.49605263157894736
"('MB US', '01/Aug/2018', None, None)",0.11949082281620349,MB US,01/Aug/2018,40,0.0020152632723615294,0.5304391217564871
"('LXFT US', '15/Aug/2018', None, None)",0.11965913228656588,LXFT US,15/Aug/2018,32,0.0026572713884887742,0.02843036684344319
"('SMP US', '26/Jul/2018', None, None)",0.12087071382847214,SMP US,26/Jul/2018,40,0.003510466813460328,-0.052078527373943695
"('REVG US', '06/Sep/2018', None, None)",0.12209304898854856,REVG US,06/Sep/2018,16,0.00245156701156615,-0.12166063873385459
"('WRLD US', '26/Jul/2018', None, None)",0.12380600259939856,WRLD US,26/Jul/2018,40,0.0023071837493566626,-0.15925994992265544
"('POU CN', '08/Aug/2018', None, None)",0.1319343031437903,POU CN,08/Aug/2018,37,0.0021652693009426493,-0.23647936753380622
"('BOLD US', '07/Aug/2018', None, None)",0.1337697201121475,BOLD US,07/Aug/2018,38,0.001942909517958526,-0.045154005454958346
"('CRCM US', '30/Jul/2018', None, None)",0.15198650400819402,CRCM US,30/Jul/2018,40,0.0026052203474369985,0.01079099214617728
"('KTOS US', '03/Aug/2018', None, None)",0.16101283729028304,KTOS US,03/Aug/2018,40,0.0031267099491535796,0.0404487568223165
"('EVOP US', '08/Aug/2018', None, None)",0.16108058021241445,EVOP US,08/Aug/2018,37,0.002118237202939343,-0.07340481908692177
"('GLT US', '31/Jul/2018', None, None)",0.16201261523720278,GLT US,31/Jul/2018,40,0.0030231821303931742,-0.20152922669316117
"('ANGO US', '11/Jul/2018', '27/Sep/2018', '27/Sep/2018')",0.16360219476053328,ANGO US,11/Jul/2018,40,0.0037499937807414004,-0.06571741511500553
"('TXMD US', '30/Jul/2018', None, None)",0.1664917630906777,TXMD US,30/Jul/2018,40,0.002024327123030476,-0.6735703441295547
"('QUOT US', '01/Aug/2018', None, None)",0.17442887053854683,QUOT US,01/Aug/2018,40,0.004105773873719591,-0.37971154067956914
"('FLOW US', '01/Aug/2018', None, None)",0.17713531567513097,FLOW US,01/Aug/2018,40,0.0027647835359492674,0.004310631678037842
"('CGX CN', '10/Aug/2018', None, None)",0.17987887790149681,CGX CN,10/Aug/2018,35,0.0031191786846228894,0.08467086642928875
"('CASA US', '15/Aug/2018', None, None)",0.18213451665681157,CASA US,15/Aug/2018,32,0.0015865024115357515,-0.3048814664781341
"('XON US', '13/Aug/2018', None, None)",0.1832125269732665,XON US,13/Aug/2018,34,0.0017399013372264866,0.0016185339593620396
"('LMNX US', '07/Aug/2018', None, None)",0.19219475735642266,LMNX US,07/Aug/2018,38,0.0025117743445023056,-0.3617106244009798
"('TRXC US', '07/Aug/2018', None, None)",0.19486144334183986,TRXC US,07/Aug/2018,38,0.0009131346041437116,-0.2869853240929474
"('XOXO US', '31/Jul/2018', None, None)",0.19629375551985162,XOXO US,31/Jul/2018,40,0.0030982123967670263,0.0277777777777778
"('SNBR US', '26/Jul/2018', None, None)",0.21561099032191278,SNBR US,26/Jul/2018,40,0.002935599511324229,-0.00642411213997242
"('SUPV US', '24/Aug/2018', None, None)",0.2374356277245513,SUPV US,24/Aug/2018,25,0.0013205592125440277,-0.5693887761723901
"('SBH US', '02/Aug/2018', None, None)",0.2419477684873923,SBH US,02/Aug/2018,40,0.00287657807374152,-0.07289343481447136
"('ELF US', '09/Aug/2018', None, None)",0.2655821175872539,ELF US,09/Aug/2018,36,0.002162438372853643,-0.1000215288486571
"('TELL US', '08/Aug/2018', None, None)",0.2724880454387919,TELL US,08/Aug/2018,37,0.0022096591199708224,0.050096066907775835
"('SMCI US', '22/Aug/2018', None, None)",0.2931456314011034,SMCI US,22/Aug/2018,27,0.0027105336195653714,0.007895775759968424
"('NCMI US', '07/Aug/2018', None, None)",0.29735834650683457,NCMI US,07/Aug/2018,38,0.0036847467402040335,-0.009278468179956624
"('RDC US', '01/Aug/2018', None, None)",0.30636704228992206,RDC US,01/Aug/2018,40,0.0016634206962452959,0.0628449027011328
"('OMER US', '10/Aug/2018', None, None)",0.3397942834580443,OMER US,10/Aug/2018,35,0.0017334803917342452,-0.06572055411334968
"('TSRO US', '03/Aug/2018', None, None)",0.41088850923367604,TSRO US,03/Aug/2018,40,0.001348095482837845,-0.1317522168087161
"('CBB US', '08/Aug/2018', None, None)",0.5732174626987787,CBB US,08/Aug/2018,37,0.0015814599329293493,-0.28556547619047623
"('GKOS US', '03/Aug/2018', None, None)",0.6088942399613304,GKOS US,03/Aug/2018,40,0.0016946332010874042,-0.7300953763217914
"('APH CN', '01/Aug/2018', None, None)",0.7384010720622873,APH CN,01/Aug/2018,40,0.0013267167922548584,-0.22222222222222215
